SET NAMES utf8mb4;
SET FOREIGN_KEY_CHECKS=0;
INSERT INTO employees (Id, FullName, DateOfBirth, Gender, PhoneNumber, Email, Address, AvatarUrl, Role, StartDate, ContractStatus, Degree, ResignationDate) VALUES
(1,'Nguyễn Minh Quân','1984-03-12',1,'0901000001','admin@clinic.com','Tầng 3, NhaKhoa Pro, Quận 1, TP.HCM',NULL,0,'2023-01-01',1,NULL,NULL),
(2,'BS. Nguyễn Văn A','1988-05-20',1,'0901000002','dentist@clinic.com','Quận Bình Thạnh, TP.HCM',NULL,1,'2023-02-01',1,1,NULL),
(3,'ThS. Trần Thị B','1986-09-09',2,'0901000003','dentist2@clinic.com','Quận 3, TP.HCM',NULL,1,'2023-03-01',1,2,NULL),
(4,'TS. Lê Hoàng C','1982-11-15',1,'0901000004','dentist3@clinic.com','TP. Thủ Đức, TP.HCM',NULL,1,'2023-05-01',1,3,NULL),
(5,'Lễ tân Phạm Ngọc Dung','1996-07-18',2,'0901000005','receptionist@clinic.com','Quận Phú Nhuận, TP.HCM',NULL,2,'2024-01-10',1,NULL,NULL),
(6,'Lễ tân Võ Minh Khang','1998-12-02',1,'0901000006','receptionist2@clinic.com','Quận Tân Bình, TP.HCM',NULL,2,'2024-04-01',1,NULL,NULL),
(7,'BS. Demo Đã Nghỉ','1985-01-22',1,'0901000007','resigned.dentist@clinic.com','Quận 10, TP.HCM',NULL,1,'2023-01-15',2,1,'2026-06-30');
INSERT INTO accounts (Id, Username, PasswordHash, IsActive, EmployeeId, PasswordResetTokenHash, PasswordResetTokenExpiresAt) VALUES
(1,'admin@clinic.com','$2a$11$j2Rkdt7rGhq8ArrDZnr92eZYcE9IzxHVepBZ9BlX6oQmtMa/F7toa',1,1,NULL,NULL),(2,'dentist@clinic.com','$2a$11$j2Rkdt7rGhq8ArrDZnr92eZYcE9IzxHVepBZ9BlX6oQmtMa/F7toa',1,2,NULL,NULL),(3,'dentist2@clinic.com','$2a$11$j2Rkdt7rGhq8ArrDZnr92eZYcE9IzxHVepBZ9BlX6oQmtMa/F7toa',1,3,NULL,NULL),(4,'dentist3@clinic.com','$2a$11$j2Rkdt7rGhq8ArrDZnr92eZYcE9IzxHVepBZ9BlX6oQmtMa/F7toa',1,4,NULL,NULL),(5,'receptionist@clinic.com','$2a$11$j2Rkdt7rGhq8ArrDZnr92eZYcE9IzxHVepBZ9BlX6oQmtMa/F7toa',1,5,NULL,NULL),(6,'receptionist2@clinic.com','$2a$11$j2Rkdt7rGhq8ArrDZnr92eZYcE9IzxHVepBZ9BlX6oQmtMa/F7toa',1,6,NULL,NULL),(7,'resigned.dentist@clinic.com','$2a$11$j2Rkdt7rGhq8ArrDZnr92eZYcE9IzxHVepBZ9BlX6oQmtMa/F7toa',0,7,NULL,NULL);
INSERT INTO workshifts (Id, Name, StartTime, EndTime) VALUES (1,'Ca sáng','08:00:00','12:00:00'),(2,'Ca chiều','13:30:00','17:30:00'),(3,'Ca tối','18:00:00','21:00:00');
INSERT INTO servicecategories (Id, Name, Description) VALUES
(1,'Khám và tư vấn','Dịch vụ khám tổng quát, tư vấn và lập kế hoạch điều trị'),(2,'Nha khoa tổng quát','Cạo vôi, trám răng, điều trị sâu răng'),(3,'Điều trị tủy','Điều trị tủy răng và phục hồi sau điều trị'),(4,'Thẩm mỹ nha khoa','Tẩy trắng, veneer và phục hình thẩm mỹ'),(5,'Chỉnh nha và Implant','Niềng răng, cấy ghép Implant và phục hình nhiều giai đoạn');
INSERT INTO services (Id, Name, Description, CategoryId, Price, IsActive, IsMultiStage) VALUES
(1,'Khám tổng quát','Khám răng miệng tổng quát, tư vấn phác đồ điều trị',1,100000,1,0),(2,'Cạo vôi răng','Làm sạch cao răng, đánh bóng và hướng dẫn chăm sóc',2,250000,1,0),(3,'Trám răng Composite','Trám răng thẩm mỹ bằng vật liệu Composite',2,450000,1,0),(4,'Điều trị tủy răng','Điều trị tủy một răng, chưa bao gồm phục hình',3,1500000,1,0),(5,'Tẩy trắng răng tại phòng khám','Tẩy trắng bằng đèn chuyên dụng',4,2500000,1,0),(6,'Veneer sứ cao cấp','Veneer sứ thẩm mỹ tính theo một răng',4,6000000,1,0),(7,'Niềng răng mắc cài kim loại','Gói chỉnh nha nhiều giai đoạn',5,32000000,1,1),(8,'Cấy ghép Implant Hàn Quốc','Cấy ghép Implant trọn gói một trụ',5,18000000,1,1),(9,'Dịch vụ tạm dừng demo','Dùng để demo trạng thái tạm dừng/mở lại dịch vụ',2,300000,0,0);
INSERT INTO servicestages (Id, ServiceId, Name, `Order`, Percentage) VALUES
(1,7,'Tư vấn và lấy dấu',1,20),(2,7,'Gắn mắc cài',2,30),(3,7,'Theo dõi chỉnh nha',3,40),(4,7,'Tháo mắc cài và duy trì',4,10),(5,8,'Đặt trụ Implant',1,50),(6,8,'Gắn Abutment',2,20),(7,8,'Gắn mão sứ',3,30);
INSERT INTO servicepricehistories (Id, ServiceId, Price, EffectiveDate, CreatedDate) VALUES
(1,1,100000,'2026-06-01','2026-05-25 09:00:00'),(2,2,250000,'2026-06-01','2026-05-25 09:00:00'),(3,3,450000,'2026-06-01','2026-05-25 09:00:00'),(4,4,1500000,'2026-06-01','2026-05-25 09:00:00'),(5,5,2500000,'2026-06-01','2026-05-25 09:00:00'),(6,6,6000000,'2026-06-01','2026-05-25 09:00:00'),(7,7,32000000,'2026-06-01','2026-05-25 09:00:00'),(8,8,18000000,'2026-06-01','2026-05-25 09:00:00'),(9,2,280000,'2026-07-15','2026-07-08 08:30:00');
INSERT INTO patients (Id, FullName, DateOfBirth, Gender, PhoneNumber, Email, Address) VALUES
(1,'Lê Văn C','1990-02-14',1,'0912000001','levanc@example.com','12 Nguyễn Trãi, Quận 5, TP.HCM'),(2,'Nguyễn Thị Mai','1995-08-21',2,'0912000002','mainguyen@example.com','88 Lý Thường Kiệt, Quận 10, TP.HCM'),(3,'Trần Quốc Huy','1987-12-03',1,'0912000003','huytran@example.com','45 Điện Biên Phủ, Bình Thạnh, TP.HCM'),(4,'Phạm An Nhiên','2001-04-10',2,'0912000004','annhien@example.com','77 Pasteur, Quận 1, TP.HCM'),(5,'Hoàng Minh Anh','1979-10-26',2,'0912000005','minhanh@example.com','18 Nguyễn Văn Cừ, Quận 5, TP.HCM'),(6,'Đỗ Gia Bảo','1992-06-05',1,'0912000006','giabao@example.com','21 Phan Xích Long, Phú Nhuận, TP.HCM'),(7,'Vũ Khánh Linh','1998-01-19',2,'0912000007','khanhlinh@example.com','5 Nguyễn Hữu Cảnh, Bình Thạnh, TP.HCM'),(8,'Bùi Nhật Nam','1984-09-30',1,'0912000008','nhatnam@example.com','101 Cộng Hòa, Tân Bình, TP.HCM');
INSERT INTO appointments (Id, PatientName, PhoneNumber, DentistId, StartTime, EndTime, Status, CreatedById, Notes) VALUES
(1,'Lê Văn C','0912000001',2,'2026-07-06 08:00:00','2026-07-06 09:00:00',2,5,'Đã khám tổng quát và lập bệnh án'),(2,'Nguyễn Thị Mai','0912000002',3,'2026-07-06 09:30:00','2026-07-06 10:30:00',2,5,'Tư vấn veneer, hẹn tái khám'),(3,'Trần Quốc Huy','0912000003',4,'2026-07-07 14:00:00','2026-07-07 15:00:00',2,6,'Điều trị tủy buổi 1'),(4,'Phạm An Nhiên','0912000004',2,'2026-07-08 09:00:00','2026-07-08 10:00:00',1,5,'Khách mới, ưu tiên tư vấn nhẹ nhàng'),(5,'Hoàng Minh Anh','0912000005',3,'2026-07-09 15:00:00','2026-07-09 16:00:00',1,6,'Kiểm tra sau tẩy trắng'),(6,'Đỗ Gia Bảo','0912000006',4,'2026-07-10 18:00:00','2026-07-10 19:00:00',1,5,'Tư vấn Implant'),(7,'Vũ Khánh Linh','0912000007',2,'2026-07-11 10:00:00','2026-07-11 11:00:00',3,5,'Khách báo bận, đã hủy trước giờ hẹn'),(8,'Bùi Nhật Nam','0912000008',3,'2026-07-12 13:30:00','2026-07-12 14:30:00',1,6,'Đặt lịch cạo vôi định kỳ');
INSERT INTO patientexaminations (Id, PatientId, AppointmentId, DentistId, ExaminationDate, Symptoms, Diagnosis, TreatmentPlan, Prescription, Notes, Status, DentalChartDetails, ProposedServices, ReExamDate, ManagerInterventionReason) VALUES
(1,1,1,2,'2026-07-06','Ê buốt nhẹ khi uống nước lạnh','Viêm nướu nhẹ, cao răng nhiều','Cạo vôi răng, hướng dẫn vệ sinh răng miệng','Nước súc miệng Chlorhexidine 7 ngày','Bệnh nhân hợp tác tốt',2,'Răng 16, 26 có mảng bám; nướu viêm nhẹ','Cạo vôi răng định kỳ 6 tháng','2026-08-06',NULL),(2,2,2,3,'2026-07-06','Không hài lòng màu răng và hình dáng răng cửa','Răng cửa xỉn màu, men răng mòn nhẹ','Tư vấn Veneer 4 răng cửa, chụp phim trước điều trị',NULL,'Cần báo giá chi tiết trước khi làm',2,'Răng 11,12,21,22 đổi màu nhẹ','Veneer sứ cao cấp','2026-07-20',NULL),(3,3,3,4,'2026-07-07','Đau nhức răng hàm dưới phải','Viêm tủy răng 46','Điều trị tủy nhiều buổi, trám phục hồi sau điều trị','Ibuprofen khi đau, dùng sau ăn','Đã giải thích quy trình nhiều buổi',2,'Răng 46 sâu lớn, đau khi gõ dọc','Điều trị tủy răng, trám Composite','2026-07-14',NULL),(4,4,4,2,'2026-07-08','Khám lần đầu, hơi chảy máu nướu','Nghi viêm nướu do cao răng','Cạo vôi răng và theo dõi sau 2 tuần',NULL,'Bệnh án đã chốt, chưa xuất hóa đơn để demo tạo hóa đơn',2,'Cao răng mặt trong hàm dưới','Khám tổng quát, cạo vôi răng','2026-07-22',NULL),(5,5,5,3,'2026-07-08','Tái khám sau tẩy trắng','Men răng ổn, hơi ê nhẹ','Theo dõi thêm, hạn chế thực phẩm sậm màu 48 giờ',NULL,'Bệnh án nháp để demo chốt bệnh án',1,'Răng đều màu, không tổn thương mới','Tái khám sau 1 tháng','2026-08-08',NULL);
INSERT INTO invoices (Id, PatientId, ExaminationId, CreatedDate, CreatedById, Notes, TotalAmount, Status, PaidAmount) VALUES
(1,1,1,'2026-07-06 10:00:00',5,'Hóa đơn đã thanh toán đủ',350000,2,350000),(2,2,2,'2026-07-06 11:00:00',5,'Hóa đơn chờ thanh toán để demo thu tiền',6000000,1,1500000),(3,3,3,'2026-07-07 15:30:00',6,'Hóa đơn điều trị tủy, khách đặt cọc',1950000,1,500000),(4,6,NULL,'2026-06-25 09:00:00',5,'Hóa đơn dịch vụ cạo vôi đã hủy theo yêu cầu khách',250000,3,0),(5,8,NULL,'2026-06-20 14:00:00',6,'Hóa đơn demo thống kê tháng 6',2700000,2,2700000);
INSERT INTO invoicedetails (Id, InvoiceId, ServiceId, Quantity, UnitPrice, Amount) VALUES
(1,1,1,1,100000,100000),(2,1,2,1,250000,250000),(3,2,6,1,6000000,6000000),(4,3,4,1,1500000,1500000),(5,3,3,1,450000,450000),(6,4,2,1,250000,250000),(7,5,5,1,2500000,2500000),(8,5,1,2,100000,200000);
INSERT INTO invoicepayments (Id, InvoiceId, Amount, PaymentDate, CreatedById, Note) VALUES
(1,1,350000,'2026-07-06 10:05:00',5,'Thanh toán tiền mặt'),(2,2,1500000,'2026-07-06 11:10:00',5,'Đặt cọc Veneer'),(3,3,500000,'2026-07-07 15:40:00',6,'Đặt cọc điều trị tủy'),(4,5,2700000,'2026-06-20 14:10:00',6,'Chuyển khoản');
INSERT INTO salaryconfigurations (Id, HourlyRate, DefaultShiftCoefficient, ReceptionistCoefficient) VALUES (1,120000,1.00,1.05);
INSERT INTO dentistdegreesalarycoefficients (Id, SalaryConfigurationId, Degree, Coefficient) VALUES (1,1,1,1.10),(2,1,2,1.25),(3,1,3,1.40),(4,1,4,1.55),(5,1,5,1.70);
INSERT INTO employeeschedules (Id, EmployeeId, WorkShiftId, ScheduleDate, ShiftCoefficient, PatientCoefficient) VALUES
(1,2,1,'2026-07-06',1.0,0.1),(2,3,1,'2026-07-06',1.0,0.2),(3,4,2,'2026-07-07',1.2,0.2),(4,5,1,'2026-07-06',1.0,0.0),(5,6,2,'2026-07-06',1.0,0.0),(6,2,1,'2026-07-08',1.0,0.1),(7,3,2,'2026-07-09',1.1,0.1),(8,4,3,'2026-07-10',1.3,0.2),(9,5,1,'2026-07-08',1.0,0.0),(10,6,2,'2026-07-09',1.0,0.0),(11,2,1,'2026-06-10',1.0,0.0),(12,3,2,'2026-06-11',1.1,0.1),(13,4,1,'2026-06-12',1.2,0.2),(14,5,1,'2026-06-10',1.0,0.0),(15,6,2,'2026-06-11',1.0,0.0);
INSERT INTO salaryrecords (Id, EmployeeId, Month, Year, TotalHours, TotalAmount, IsFinalized, FinalizedDate) VALUES
(1,2,6,2026,88.00,11616000,1,'2026-07-01 09:00:00'),(2,3,6,2026,92.00,13800000,1,'2026-07-01 09:00:00'),(3,4,6,2026,84.00,14112000,1,'2026-07-01 09:00:00'),(4,5,6,2026,96.00,12096000,1,'2026-07-01 09:00:00'),(5,6,6,2026,92.00,11592000,1,'2026-07-01 09:00:00'),(6,2,7,2026,16.40,2164800,0,NULL),(7,3,7,2026,17.60,2640000,0,NULL),(8,4,7,2026,18.00,3024000,0,NULL),(9,5,7,2026,16.00,2016000,0,NULL),(10,6,7,2026,16.00,2016000,0,NULL);
INSERT INTO salaryformulasnapshots (Id, SalaryRecordId, Role, BaseSalary, HourlyRate, Allowance, SnapshotDate) VALUES
(1,1,1,1.00,120000,1.10,'2026-07-01 09:00:00'),(2,2,1,1.00,120000,1.25,'2026-07-01 09:00:00'),(3,3,1,1.00,120000,1.40,'2026-07-01 09:00:00'),(4,4,2,1.00,120000,1.05,'2026-07-01 09:00:00'),(5,5,2,1.00,120000,1.05,'2026-07-01 09:00:00');
SET FOREIGN_KEY_CHECKS=1;
