SET FOREIGN_KEY_CHECKS=0;
DROP TABLE IF EXISTS `__migrationhistory`;
CREATE TABLE `__migrationhistory` (
  `MigrationId` varchar(150) CHARACTER SET utf8mb3 COLLATE utf8mb3_general_ci NOT NULL,
  `ContextKey` varchar(300) CHARACTER SET utf8mb3 COLLATE utf8mb3_general_ci NOT NULL,
  `Model` longblob NOT NULL,
  `ProductVersion` varchar(32) CHARACTER SET utf8mb3 COLLATE utf8mb3_general_ci NOT NULL,
  PRIMARY KEY (`MigrationId`,`ContextKey`)
) ENGINE=InnoDB DEFAULT CHARSET=utf8mb4 COLLATE=utf8mb4_0900_ai_ci;

DROP TABLE IF EXISTS `accounts`;
CREATE TABLE `accounts` (
  `Id` int NOT NULL,
  `Username` varchar(255) CHARACTER SET utf8mb3 COLLATE utf8mb3_general_ci NOT NULL,
  `PasswordHash` longtext,
  `IsActive` tinyint(1) NOT NULL,
  `EmployeeId` int NOT NULL,
  `PasswordResetTokenHash` longtext,
  `PasswordResetTokenExpiresAt` datetime DEFAULT NULL,
  PRIMARY KEY (`Id`),
  UNIQUE KEY `IX_Account_Username` (`Username`),
  KEY `IX_Id` (`Id`),
  CONSTRAINT `FK_Accounts_Employees_Id` FOREIGN KEY (`Id`) REFERENCES `employees` (`Id`)
) ENGINE=InnoDB DEFAULT CHARSET=utf8mb4 COLLATE=utf8mb4_0900_ai_ci;

DROP TABLE IF EXISTS `appointments`;
CREATE TABLE `appointments` (
  `Id` int NOT NULL AUTO_INCREMENT,
  `PatientName` longtext NOT NULL,
  `PhoneNumber` longtext NOT NULL,
  `DentistId` int NOT NULL,
  `StartTime` datetime NOT NULL,
  `EndTime` datetime NOT NULL,
  `Status` int NOT NULL,
  `Notes` longtext,
  `CreatedById` int DEFAULT NULL,
  PRIMARY KEY (`Id`),
  KEY `IX_DentistId` (`DentistId`),
  KEY `IX_CreatedById` (`CreatedById`),
  CONSTRAINT `FK_Appointments_Employees_CreatedById` FOREIGN KEY (`CreatedById`) REFERENCES `employees` (`Id`),
  CONSTRAINT `FK_Appointments_Employees_DentistId` FOREIGN KEY (`DentistId`) REFERENCES `employees` (`Id`)
) ENGINE=InnoDB AUTO_INCREMENT=9 DEFAULT CHARSET=utf8mb4 COLLATE=utf8mb4_0900_ai_ci;

DROP TABLE IF EXISTS `dentistdegreesalarycoefficients`;
CREATE TABLE `dentistdegreesalarycoefficients` (
  `Id` int NOT NULL AUTO_INCREMENT,
  `SalaryConfigurationId` int NOT NULL,
  `Degree` int NOT NULL,
  `Coefficient` decimal(18,2) NOT NULL,
  PRIMARY KEY (`Id`),
  UNIQUE KEY `IX_DentistDegreeSalaryCoefficient_Config_Degree` (`SalaryConfigurationId`,`Degree`),
  CONSTRAINT `FK_46f5f2377cfd4837b61875e16c9f24ff` FOREIGN KEY (`SalaryConfigurationId`) REFERENCES `salaryconfigurations` (`Id`)
) ENGINE=InnoDB AUTO_INCREMENT=8 DEFAULT CHARSET=utf8mb4 COLLATE=utf8mb4_0900_ai_ci;

DROP TABLE IF EXISTS `employees`;
CREATE TABLE `employees` (
  `Id` int NOT NULL AUTO_INCREMENT,
  `FullName` longtext NOT NULL,
  `DateOfBirth` datetime NOT NULL,
  `Gender` int NOT NULL,
  `PhoneNumber` varchar(10) CHARACTER SET utf8mb3 COLLATE utf8mb3_general_ci NOT NULL,
  `Email` varchar(255) CHARACTER SET utf8mb3 COLLATE utf8mb3_general_ci NOT NULL,
  `Address` varchar(255) CHARACTER SET utf8mb3 COLLATE utf8mb3_general_ci DEFAULT NULL,
  `AvatarUrl` longtext,
  `Role` int NOT NULL,
  `StartDate` datetime NOT NULL,
  `ContractStatus` int NOT NULL,
  `Degree` int DEFAULT NULL,
  `ResignationDate` datetime DEFAULT NULL,
  PRIMARY KEY (`Id`),
  UNIQUE KEY `IX_Employee_PhoneNumber` (`PhoneNumber`),
  UNIQUE KEY `IX_Employee_Email` (`Email`)
) ENGINE=InnoDB AUTO_INCREMENT=11 DEFAULT CHARSET=utf8mb4 COLLATE=utf8mb4_0900_ai_ci;

DROP TABLE IF EXISTS `employeeschedules`;
CREATE TABLE `employeeschedules` (
  `Id` int NOT NULL AUTO_INCREMENT,
  `EmployeeId` int NOT NULL,
  `WorkShiftId` int NOT NULL,
  `ScheduleDate` date NOT NULL,
  `ShiftCoefficient` float DEFAULT NULL,
  `PatientCoefficient` float NOT NULL,
  PRIMARY KEY (`Id`),
  KEY `IX_EmployeeId` (`EmployeeId`),
  KEY `IX_WorkShiftId` (`WorkShiftId`),
  CONSTRAINT `FK_EmployeeSchedules_Employees_EmployeeId` FOREIGN KEY (`EmployeeId`) REFERENCES `employees` (`Id`),
  CONSTRAINT `FK_EmployeeSchedules_WorkShifts_WorkShiftId` FOREIGN KEY (`WorkShiftId`) REFERENCES `workshifts` (`Id`)
) ENGINE=InnoDB AUTO_INCREMENT=3151 DEFAULT CHARSET=utf8mb4 COLLATE=utf8mb4_0900_ai_ci;

DROP TABLE IF EXISTS `invoicedetails`;
CREATE TABLE `invoicedetails` (
  `Id` int NOT NULL AUTO_INCREMENT,
  `InvoiceId` int NOT NULL,
  `ServiceId` int NOT NULL,
  `Quantity` int NOT NULL,
  `UnitPrice` decimal(18,2) NOT NULL,
  `Amount` decimal(18,2) NOT NULL,
  PRIMARY KEY (`Id`),
  KEY `IX_InvoiceId` (`InvoiceId`),
  KEY `IX_ServiceId` (`ServiceId`),
  CONSTRAINT `FK_InvoiceDetails_Invoices_InvoiceId` FOREIGN KEY (`InvoiceId`) REFERENCES `invoices` (`Id`),
  CONSTRAINT `FK_InvoiceDetails_Services_ServiceId` FOREIGN KEY (`ServiceId`) REFERENCES `services` (`Id`)
) ENGINE=InnoDB AUTO_INCREMENT=6 DEFAULT CHARSET=utf8mb4 COLLATE=utf8mb4_0900_ai_ci;

DROP TABLE IF EXISTS `invoicepayments`;
CREATE TABLE `invoicepayments` (
  `Id` int NOT NULL AUTO_INCREMENT,
  `InvoiceId` int NOT NULL,
  `Amount` decimal(18,2) NOT NULL,
  `PaymentDate` datetime NOT NULL,
  `CreatedById` int NOT NULL,
  `Note` varchar(255) CHARACTER SET utf8mb3 COLLATE utf8mb3_general_ci DEFAULT NULL,
  PRIMARY KEY (`Id`),
  KEY `IX_InvoiceId` (`InvoiceId`),
  KEY `IX_CreatedById` (`CreatedById`),
  CONSTRAINT `FK_InvoicePayments_Employees_CreatedById` FOREIGN KEY (`CreatedById`) REFERENCES `employees` (`Id`),
  CONSTRAINT `FK_InvoicePayments_Invoices_InvoiceId` FOREIGN KEY (`InvoiceId`) REFERENCES `invoices` (`Id`)
) ENGINE=InnoDB AUTO_INCREMENT=2 DEFAULT CHARSET=utf8mb4 COLLATE=utf8mb4_0900_ai_ci;

DROP TABLE IF EXISTS `invoices`;
CREATE TABLE `invoices` (
  `Id` int NOT NULL AUTO_INCREMENT,
  `PatientId` int NOT NULL,
  `ExaminationId` int DEFAULT NULL,
  `CreatedDate` datetime NOT NULL,
  `CreatedById` int NOT NULL,
  `Notes` longtext,
  `TotalAmount` decimal(18,2) NOT NULL,
  `Status` int NOT NULL,
  `PaidAmount` decimal(18,2) NOT NULL,
  PRIMARY KEY (`Id`),
  KEY `IX_PatientId` (`PatientId`),
  KEY `IX_ExaminationId` (`ExaminationId`),
  KEY `IX_CreatedById` (`CreatedById`),
  CONSTRAINT `FK_Invoices_Employees_CreatedById` FOREIGN KEY (`CreatedById`) REFERENCES `employees` (`Id`),
  CONSTRAINT `FK_Invoices_PatientExaminations_ExaminationId` FOREIGN KEY (`ExaminationId`) REFERENCES `patientexaminations` (`Id`),
  CONSTRAINT `FK_Invoices_Patients_PatientId` FOREIGN KEY (`PatientId`) REFERENCES `patients` (`Id`)
) ENGINE=InnoDB AUTO_INCREMENT=7 DEFAULT CHARSET=utf8mb4 COLLATE=utf8mb4_0900_ai_ci;

DROP TABLE IF EXISTS `patientexaminations`;
CREATE TABLE `patientexaminations` (
  `Id` int NOT NULL AUTO_INCREMENT,
  `PatientId` int NOT NULL,
  `AppointmentId` int DEFAULT NULL,
  `DentistId` int NOT NULL,
  `ExaminationDate` datetime NOT NULL,
  `Symptoms` longtext,
  `Diagnosis` longtext,
  `TreatmentPlan` longtext,
  `Prescription` longtext,
  `Notes` longtext,
  `Status` int NOT NULL,
  `DentalChartDetails` longtext,
  `ProposedServices` longtext,
  `ReExamDate` datetime DEFAULT NULL,
  `ManagerInterventionReason` longtext,
  PRIMARY KEY (`Id`),
  KEY `IX_PatientId` (`PatientId`),
  KEY `IX_AppointmentId` (`AppointmentId`),
  KEY `IX_DentistId` (`DentistId`),
  CONSTRAINT `FK_PatientExaminations_Appointments_AppointmentId` FOREIGN KEY (`AppointmentId`) REFERENCES `appointments` (`Id`),
  CONSTRAINT `FK_PatientExaminations_Employees_DentistId` FOREIGN KEY (`DentistId`) REFERENCES `employees` (`Id`),
  CONSTRAINT `FK_PatientExaminations_Patients_PatientId` FOREIGN KEY (`PatientId`) REFERENCES `patients` (`Id`)
) ENGINE=InnoDB AUTO_INCREMENT=9 DEFAULT CHARSET=utf8mb4 COLLATE=utf8mb4_0900_ai_ci;

DROP TABLE IF EXISTS `patients`;
CREATE TABLE `patients` (
  `Id` int NOT NULL AUTO_INCREMENT,
  `FullName` longtext NOT NULL,
  `DateOfBirth` datetime NOT NULL,
  `Gender` int NOT NULL,
  `PhoneNumber` varchar(10) CHARACTER SET utf8mb3 COLLATE utf8mb3_general_ci NOT NULL,
  `Email` longtext,
  `Address` varchar(255) CHARACTER SET utf8mb3 COLLATE utf8mb3_general_ci DEFAULT NULL,
  PRIMARY KEY (`Id`)
) ENGINE=InnoDB AUTO_INCREMENT=8 DEFAULT CHARSET=utf8mb4 COLLATE=utf8mb4_0900_ai_ci;

DROP TABLE IF EXISTS `salaryconfigurations`;
CREATE TABLE `salaryconfigurations` (
  `Id` int NOT NULL AUTO_INCREMENT,
  `HourlyRate` decimal(18,2) NOT NULL,
  `DefaultShiftCoefficient` decimal(18,2) NOT NULL,
  `ReceptionistCoefficient` decimal(18,2) NOT NULL,
  PRIMARY KEY (`Id`)
) ENGINE=InnoDB AUTO_INCREMENT=3 DEFAULT CHARSET=utf8mb4 COLLATE=utf8mb4_0900_ai_ci;

DROP TABLE IF EXISTS `salaryformulasnapshots`;
CREATE TABLE `salaryformulasnapshots` (
  `Id` int NOT NULL,
  `SalaryRecordId` int NOT NULL,
  `Role` int NOT NULL,
  `BaseSalary` decimal(18,2) NOT NULL,
  `HourlyRate` decimal(18,2) NOT NULL,
  `Allowance` decimal(18,2) NOT NULL,
  `SnapshotDate` datetime NOT NULL,
  PRIMARY KEY (`Id`),
  KEY `IX_Id` (`Id`),
  CONSTRAINT `FK_SalaryFormulaSnapshots_SalaryRecords_Id` FOREIGN KEY (`Id`) REFERENCES `salaryrecords` (`Id`) ON DELETE CASCADE ON UPDATE CASCADE
) ENGINE=InnoDB DEFAULT CHARSET=utf8mb4 COLLATE=utf8mb4_0900_ai_ci;

DROP TABLE IF EXISTS `salaryrecords`;
CREATE TABLE `salaryrecords` (
  `Id` int NOT NULL AUTO_INCREMENT,
  `EmployeeId` int NOT NULL,
  `Month` int NOT NULL,
  `Year` int NOT NULL,
  `TotalHours` decimal(18,2) NOT NULL,
  `TotalAmount` decimal(18,2) NOT NULL,
  `IsFinalized` tinyint(1) NOT NULL,
  `FinalizedDate` datetime DEFAULT NULL,
  PRIMARY KEY (`Id`),
  KEY `IX_EmployeeId` (`EmployeeId`),
  CONSTRAINT `FK_SalaryRecords_Employees_EmployeeId` FOREIGN KEY (`EmployeeId`) REFERENCES `employees` (`Id`)
) ENGINE=InnoDB AUTO_INCREMENT=282 DEFAULT CHARSET=utf8mb4 COLLATE=utf8mb4_0900_ai_ci;

DROP TABLE IF EXISTS `servicecategories`;
CREATE TABLE `servicecategories` (
  `Id` int NOT NULL AUTO_INCREMENT,
  `Name` longtext NOT NULL,
  `Description` longtext,
  PRIMARY KEY (`Id`)
) ENGINE=InnoDB AUTO_INCREMENT=5 DEFAULT CHARSET=utf8mb4 COLLATE=utf8mb4_0900_ai_ci;

DROP TABLE IF EXISTS `servicepricehistories`;
CREATE TABLE `servicepricehistories` (
  `Id` int NOT NULL AUTO_INCREMENT,
  `ServiceId` int NOT NULL,
  `Price` decimal(18,2) NOT NULL,
  `EffectiveDate` datetime NOT NULL,
  `CreatedDate` datetime NOT NULL,
  PRIMARY KEY (`Id`),
  KEY `IX_ServiceId` (`ServiceId`),
  CONSTRAINT `FK_ServicePriceHistories_Services_ServiceId` FOREIGN KEY (`ServiceId`) REFERENCES `services` (`Id`)
) ENGINE=InnoDB DEFAULT CHARSET=utf8mb4 COLLATE=utf8mb4_0900_ai_ci;

DROP TABLE IF EXISTS `services`;
CREATE TABLE `services` (
  `Id` int NOT NULL AUTO_INCREMENT,
  `Name` longtext NOT NULL,
  `Description` longtext,
  `CategoryId` int NOT NULL,
  `Price` decimal(18,2) NOT NULL,
  `IsActive` tinyint(1) NOT NULL,
  `IsMultiStage` tinyint(1) NOT NULL,
  PRIMARY KEY (`Id`),
  KEY `IX_CategoryId` (`CategoryId`),
  CONSTRAINT `FK_Services_ServiceCategories_CategoryId` FOREIGN KEY (`CategoryId`) REFERENCES `servicecategories` (`Id`)
) ENGINE=InnoDB AUTO_INCREMENT=7 DEFAULT CHARSET=utf8mb4 COLLATE=utf8mb4_0900_ai_ci;

DROP TABLE IF EXISTS `servicestages`;
CREATE TABLE `servicestages` (
  `Id` int NOT NULL AUTO_INCREMENT,
  `ServiceId` int NOT NULL,
  `Name` longtext,
  `Order` int NOT NULL,
  `Percentage` decimal(18,2) NOT NULL,
  PRIMARY KEY (`Id`),
  KEY `IX_ServiceId` (`ServiceId`),
  CONSTRAINT `FK_ServiceStages_Services_ServiceId` FOREIGN KEY (`ServiceId`) REFERENCES `services` (`Id`)
) ENGINE=InnoDB DEFAULT CHARSET=utf8mb4 COLLATE=utf8mb4_0900_ai_ci;

DROP TABLE IF EXISTS `workshifts`;
CREATE TABLE `workshifts` (
  `Id` int NOT NULL AUTO_INCREMENT,
  `Name` varchar(100) CHARACTER SET utf8mb3 COLLATE utf8mb3_general_ci NOT NULL,
  `StartTime` time NOT NULL,
  `EndTime` time NOT NULL,
  PRIMARY KEY (`Id`)
) ENGINE=InnoDB AUTO_INCREMENT=4 DEFAULT CHARSET=utf8mb4 COLLATE=utf8mb4_0900_ai_ci;

INSERT INTO `__migrationhistory` (`MigrationId`, `ContextKey`, `Model`, `ProductVersion`) VALUES ('202607041851111_InitialDb', 'ClinicManagement.DataAccess.Migrations.Configuration', 0x1F8B0800000000000400ED5DDB6EE4B8117D0F907F10F418CCBAED990C3031DABBF0F89218595FE2F64CF266D012DD1656975E49EDD809F26579C827E51742A9258A77911225B59D865FDA1259248BA7AAA86291F5DF7FFF67FED34B143ACF30CD82243E720FF6F65D07C65EE207F1F2C85DE78F3F7C717FFAF1B7BF999FF9D18BF3BD2EF7A928876AC6D991FB94E7ABC3D92CF39E6004B2BD28F0D2244B1EF33D2F8966C04F661FF7F7FF303B38984144C245B41C677EBB8EF32082E53FE8DF9324F6E02A5F83F032F1619855CFD19B4549D5B90211CC56C08347EE4918C481770962B084118CF3BD53908363CF8359E63AC76100509716307C741D10C7490E72D4E1C36F195CE469122F172BF4008477AF2B88CA3D823083D5400E9BE2BA63DAFF588C69D654AC4979EB2C4F224382079F2A26CDD8EA9D58ED622622369E2176E7AFC5A84B561EB98861099A03D761DB3A3C09D3A29C80D127490AF7AA8A1F1CE1EB0F18220849C51F2AB70EF3750A8F62B8CE53107E706ED60F61E0FD19BEDE25BFC0F8285E8721D957D45BF48E7A801EDDA4C90AA6F9EB2D7CAC4670E1BBCE8CAE37632BE26A449DCDE02EE2FCD347D7B9428D8387106228CC94F5118CD218FDAAA9204C2139719D4BF0F2338C97F9D391FBF1F367D7390F5EA05F3FA9287F43DC42E03E72F3740D8D5BBE0159F6F724F5FF04B22745EBE8A756EBEAC62EB2632F0F9EF130BF264908416CDCE9B3681526AF101AB3FD0A3C07CB128E128AAE730BC3B240F614AC36025F43F3BE29749E26D16D123678C7EFEE17C93AF58A1126920277205DC29CEEDA7CD6089252BC9A2E98CA575DF3BD0A18C189458E06F44718C314E4D0BF01798EA4ABA0014B76B6A1EB1C91BE520BA3AE3818E21A591C78FDF83548732C8BC5A3BB2032A785C6EFC3148FA1C071FDC854453C2531BC5A470F04399E2507FB4370E42C024138BE563CF6FDB4B4FBBD1B6E69E719AD31D26FA96A8876546FA18C2830D4FA60F3C2903F0BD4EBBC80666F98A2151A522E5E8E28E6EB8CEA21FBCA5498E03285F4988F3DE043B4B8A95FB5B00C66C1322E558A78A8BAC605AF89FADA96DA74486D4B6D7C3AD996E3D52A09E2BC30091D966F4DE59D85695F74E5012A398D91D153E74359B8824159DE77BD5CEA9F8D10F6D43F67B16F858E407F1122D151859DA4B0C0D7D7578E5FBAAA0753102B9FA687F744494203890AF04B5C6129D13A57D5D50A1AAD1DC5E5C4DDAC5E2B3B5997E9B514BF889F93C083A7302F9728A60A93AABE5399AD9F8E1B76F5561C307DB640E62F6B50F5BAD7577F1CE43769E035DA077A410410986E52F4ABF29C7D719D85070AA2E62D1C479B85872DF252E1ADA64728BCD5BB7B0AF11929BFE212DC7247524CB4E851F5B5C280AAAF1BD2F7B824D755BA00A76CC4A56CA89BCE8A66A7623457657D75C3D90B8882CD67439BD9161B6B3BDF55D2A58321A1AB2487AA0F613B9FA777680E43DBDAAA7D8956C986EEF2ACE332ABD65BC22516F752A64C7A2CAD08482A3B4895E3BB48BC9676922C63DA4DD640D8B425B2FE4A4C8E6E972B9DA1EC2B2EC377B27A25ED5DFDBE97E5A88850936B6A44781A3B7B32923D213E5C0CED89A58F6D62D2AD98A6C56BB442E01BDEA89C06601927593082F92A547331433761B19D35706BC820665E1AAC36A23C7063E3D87F816D2660D7DB3E53AE4D81AAE6D5DB3D55A5D1DCEA929C226F296ED34722684AE02A9197D2E9BBCA71D2D54C0A9A11584C79299D7EDBB4A39D8DE7CE62EE765EDFCFCEAB1DBD3FCC46ABB64863078FA94857157722DDBA7C98469C475C209D20BE2C93B4B7A365584F70E7D02BB9CFA31AB7D0A8D72ECFA65063CAD9779C01E70AF432DB15B5A6271D65BD26B093F9FF379997436D1D1140AB8DFC45761E826513056C8AB70D1DCB3043E34344C357C40F120634472F61B1D4A88673098AC0A0EF205CA37F0E38EE5365CF614496E63D1354E9EBFCA9E05355F813CFEC0D5B15ACA68397FA329CA4B6056C2F1A6ED8B3AFE625FEC4D39BA85B58C4C3A37190753E7698013638ABEF1CD0F4269F85BF26E92FA5EAD0656B112A06FD5E2C65A3D3FAB294A637394BAFD0B78C36AA130F99205DEE5F822C2724A645FBDC3C9DCA740F5BF438CB122F403610999A47F4994274E9F72D8D70153E7741041F41D41B142CC9C9717183CC9D81A89D24485BC35C2E6B5C05107B300C890A5D2C0EB353D8771A28726F6D0A6E403032F705BEE0DE469F2539F92C9CA6E051DB909FA3BE87C13F4C4D4EADD1D078B0D5610290E946CF62DF693BE94206585791CE978845C10A31052D9B91B6DFDBE387A3A08C037FF8707596344F177D27C1B4581581102D2A32344348DFF11F5541EC052B10B67481A9A7F93956701FB7C0BE3985AB62811FE72D7CEDDE346E81F9466CE3CC7C46C0A30535C2C851E904ABC3488521B3EC44FF4E05206500AA068A8400ED06245557C640938AD53AED5381439363ABFEBCD199796E1FCB2AAED8ADAF117593BC1723038AE1B04EEB440CC22460E263AF6493AD08C4E202C64C40240FDF1A0F42D23E8C0020295FDF86366A090D90CDBA6E9C4003015198963ECA34030DF474A23D73A8D7AD1150A8371F3A1D61E2B1B605946D965227F06340304E673EDB3B330DFCDEA0315584EA1840818BDB1910766CE00FDFD678A863FA320DEA18E6EB748288639D740947A2A26DB1250C55B7B28C1305B81B21D89E71557469C4759D80D53AAD33C764264516739AA00D02B2A305ADF85239C1DACEC071C4EB83A76D10EE052DF150474497981D5A1D684E8C4E0AAE360B293D0B62455D4D6600251D18113A6FD0D4716153B2E995C75035F38B831BF551238DBCE2C936F15483C047D69311F023E3AD96BF8208069C52EB3007985BB484EC3473679BD3D6821C56C36A237137C6D3496246EBB44F5C5C3002AECECA78B7222607D568F672CBFDD1D387E2397C111D84F896C16ADB35AB02E9585C14741730A7371F33D739C31176EC5622072D9A44ED3D10D1683C0B2D44089F8EB02FA4ABAC85147B329523C688921E3905A15612FC2789889AE8C3458FB0825A2B890AD622125821E891A8346FA0A2D5D82C862621061C3889ABB98862B2EBBB58D9D4D83FC70322E58113728DED72821021156CA4303D561D3E886F091230A37D53D8916DAFF1BB2E245B28F154B146B9113C027F7038A69A3B4267AD7424AC9FB62F67585FEC407C115C7BC073A5657F4EF84DA3C44AA33015DC90EFC90DC48BB603A63C634CF69DBAEC3C1103151A0805F734F79A34616A879B0AC1D3DD2C31DD2EB1CBC191845275DA568B75427786A9CBDF2EEB581F074FDDA63AA35648728526F5566BFBABBB2A359187DA8CE13DB8C32E7FE50C52395D4DDCAE5DD92471B4F2E4F058AC314921714AAFA196DFB02B3FC69122FE6020CF03B5174CCF0F46F4BEF9C6507041EAF9E209915F1AB620C15E38270586CAB163E0DAD146B981334783E50A06D587ECB0D301BF9BCF36C93AAA07F39924ABC7FC12AC5641BC24B27C544F9C4595E2E3878579CA8B684363E6513A8A7591E096F224054BC8BC2D8E2DF8F03C48B3E2D66CF0008A88F5133FE28B312E16C9A76FDD1AE345E167AEFE0EAE2B14BF49678E30DD09F6BDF08EA98ACE391A6351A91C2EE43F60F99A4E9172058420159C4B3D49C27514CBFD6CF2DA4DDE0C9246F3549F129D0783A446BFD1A7D89CB8A6C6879FEA5322D35D90B4C8E73CB5F98C992CCE6DC8C1839155166E5A606C16ABB6D028F3AD68C0515E75183C36179890349AA7FA94A80B494862D40B7D7AF5E1649254FDCC404AC80B492821215F9820BBF481D2A016B8455534F015222415FCD0804E938B81A2D43CD6A7B539974C92D93CD1A740645820C9108FF569B167754982EC3B038456C75429700A132B2839C52659A098C6BEDC1A2D473934AC995DB97F47C7F4AA6A0FA3EEA83C06B4CD245E4CA75E8878491AA5D2304A392D22E5002790A274202A5A38E900A5F8EA87467DE204DA5C90A9187B4A37A882EF2713BD56BF4137E1A3B7E5CCC5AFA5FE300248C4385144E4A14F0A30353BCC149EE41BCF725ACDFDF824A9E6A9C10ABFB9239F5AE2378F0D2C7C75BF3465DE23D12EF3069E53C2DB3AB0BB437A646BC21251C464C96931D1A5949E55079ECA6952D7B30BF4A4F1B2ACA3DE95D1AB6E6A2529558FF46950F7B09394A8174359A889444EE411B7257D82B00A7341D421B2FD32C91C9CA2B4B0FA4C959CA6CD151E77CFB5446B98CA7973DF352505F8A9C1689B0BADA9D1368F0D249DBEB29A9275FA95015AA88BA929C0506FC6D5696F490759573CDDB5CDCE67B6F399612AD30805DE46B22514926D330DA190D61C46287881301606992A3EEDA689C9C8766AB1AA88789753137CD2197FCE996FB04C0B6362DFD8329E651BE5FAB89653786FF81E1403DC26365B04B78E37B3994DEB79B5814CED6C973C28F6A9CBB167D56636BBA3BC29525C199D3C077EB19B7CF9BAF8352CF1B257FE44502AC34EEA120854C123CCF2CDB565EE97BD7DD7390E03906D620EAABDF24336CC5F6BF3FCE053B1790EFD68C65637DF822FA864991F0A36E0A9FB33057BCF63DCA81C0893425CA085C2CB91FBCFB2F8A173F1B7FB0BFF83739D22BE1F3AFBCEBFCCD345E26DED4DB3F13348BD27906AB55D078DD7443E3817D9B738F8758D5EDFA56B58F487BD75DFF402736AA37CD3C73041F4CAB3220D319D4BD5D9EBCA1F9224EC90C2A0D91F27664A4945FB5A71C97D7963C1ADF58A6E435EB1A9374413D73593868F1EE5E5D606719BFD7ECFBC1AED532940289F4FC34888F0890B82508B201D988F93CABCD1AD7F258901449C49D7D1744E4E572B0B48B3C7DE4F6D6C76D9BB0384D85EB70A5D7697BD7B0FEB1D7621052D16B17BEABA03ED9166457E61D65B5597D406774F8D29D04ADDB56FE3F8345B9BE08ABD9628C46EB855F9C17BE356A9F6974641965D5D861355652CEF21718ADDE8372B735C0A78ED75775DB11FB6D9D4F1BACDE38ABD9A6753CE77812B9770DE1F36E17C4FF2C6B9D1DF07CEB9BCB1BA40C3157B014D98BF5CB70B54657DBD26D5AC43ACC506D5D9E639D5BBAE750529D3AD8BB3A985EC93937A27BC168457982C5AB70B54E53EC23BF12A5492B0DAD6AA91495FDD557EB9ECD49D158128F9745762A2DCD25D6959517343ABA077A27776FE3B8B4EB7AE58B5E21E334E5EFB3E006C07BCF694179FD6557B95886BF6B262C37EA875D860E99C717507D0FE009531BF4742A7E65E2BE19569FA57D7E2ABDA44D7B70D75F9B1E254A80E9C9C0E299ADE534A26A3C96FCBDF45DE6424BB366F906B8A470581F2741EDFDCF4A94B4C1229D953063B306C61E606FD3448D68080AFA7145D59F9E601203F55B58D9AA06312A30EB2DC622A44B78CB65C423A08544CE5D77A228EF79C6AC89A0AD916B48CA9583A42656A03D33D3550B79C04DB0712F9819B6DC1C8D4D90D4C12F9F49ED5164334FEEAA4E3A48DB84E79BB29792C25DFA9EF64E7898D916C67F43C04EF2A8D8E256B32995ED8366530B5B1304D85D35C284ACC9C71AE1A8E6CB78C3A7D52DE280E73590784FC3CA4E02BF66DA5B63198BFEDB50C26F333BA65D88A9434DCB5AAEC440A13CEA8F2CD6C8ED11DB9FE4382E67BB31F23CBCB21CD46A34C46236A417EC73B3704D2F9C20F837C2B1C8AEA2A7EB62D06E35C6BCC7B517B2D97684B5A54A5BB51B4D24E5FF4E1C035252A246A55E72A754907543973144DB5D3C73A8EA38FDF88E84B6F6C96D06F4CAAAC9DA684A23DC55DDA63E4E461C595BE3496576B823D4FA2A22C65D516A5DCE931605EED70D74EDA1DB8B55C3ADB3E68EB8972BA0F9851BFD43570FD073A62169C0E33D7EA7F22C868644BDBCAB436DD91B1250C1928598D682C5BC78E4132D0F41EC888FA63F824333A1D577D1FF2B525791E274E1ED315F6C3CEEF30C961D8A5AAF0DE1BD5A0992535751F94B579B59F01C6A0DB0343DA20B70B7FFDCD7C768B16D541B4097B9C9F96E7D7318939A219438FF216E03217F16352FB2D981ED54598F8CC4B3434BFB85F29CD8347E0E5E87571D152102F5DE73B08D7A5097D80FE457CBDCE57EB1C0D19460F21859FC2F9A16ABF4C6043F7797E5D868466368680BA191411FBD7F1D77510FAB8DFE782885E0989C2AB5245CE1673991711B4CB574CE92A89350955ECC3CEA03B88961A8858761D2F40117C6CDEB76F19FC192E81F75A5F622427D23E1134DBE7C5919C14445945A3A98FFE4518F6A3971FFF079686DAB7DBCC0000, '6.5.2');
INSERT INTO `__migrationhistory` (`MigrationId`, `ContextKey`, `Model`, `ProductVersion`) VALUES ('202607050308070_AutomaticMigration', 'ClinicManagement.DataAccess.Migrations.Configuration', 0x1F8B0800000000000400ED5DDD6EDC3A92BE5F60DFA1D197838CDB4EF60067027B0689EDCC31E638F1C4C9D99D2B83E966DBC2514B3D923A279EC53ED95EEC23CD2B0CA91F8A3FC53F8992BAB30DDFB845B248163F168B6455F19FFFFB7FE77FFAB689675F7196476972313F3B399DCF70B24C5751F27831DF15EBDFFF38FFD31FFFFDDFCEAF579B6FB35F9A7CAF683E5232C92FE64F45B17DBD58E4CB27BC41F9C9265A66699EAE8B9365BA59A055BA78797AFA87C5D9D902131273426B363BFFB84B8A6883CB1FE4E7659A2CF1B6D8A1F8365DE138AFBF9394FB92EAEC3DDAE07C8B96F8627E194749B4BC45097AC41B9C142757A8406F964B9CE7F3D99B3842A449F7385ECF672849D20215A4C1AF3FE7F8BEC8D2E4F17E4B3EA0F8D3F316937C6B14E7B8EEC8EB36BB6B9F4E5FD23E2DDA820DA9E52E2FD28D27C1B35735931672F14EAC9E332612365E137617CFB4D7252B2FE68461291983F94CAEEBF5659CD17C00A32FD30C9FD4055FCCC0E4170C220449F48FE4DBC5C52EC31709DE15198A5FCCEE765FE268F917FCFC29FD152717C92E8EF9B692D69234E103F97497A55B9C15CF1FF1BAEEC1CD6A3E5B88E5167241568C2B5375EE26295EBD9CCFDE93CAD1971833282C8CE5098CB284FCD750219822F3643EBB45DF7EC6C963F174317FF9C30FF3D9BBE81B5E355F6ACA9F09B708B82FE645B6C3DE35DFA13CFF2DCD563FA1FCC9503BF9D7A976736537F99B65117D65DD7C9BA631468977A3AF37DB387DC6D89BEDEFD1D7E8B184A386E27CF611C76586FC29DA5613BE81E6439BE95D966E3EA6718B7796F6709FEEB225ED61AAC9F009658FB8109B76BE682792717AB54DF09D5F4DC9EF7582719CB82F4887FE8C139CA102AFEE505190D94569E0929D3674BD23A4DF9B27A3EB74F0C4355971F087F5DB282BD85CA49F3E451B7F5AA4FF2B9CB13E501C379F7C45C4539AE0F7BBCD178E9CCA92B3D3213872BD41513CBE547CB35A65E5BADFBB624B3D5F898E917DCE4C5D0C237AA93012C0D0C8832AC1933FF7A4D50585666F98120D8D089765412816BB5C68A19CE43B99F06386C53EBF59A21526CA4D93646119CEA3C7A4142970575D1717A613F55D5B9AA543BBB6348B4FA7B5E5CD769B46494197840EEA5B5BF8B8C2D895AE222239A75964DCC4F9502B1C65505EF4D5974BF9534DC29EF2E73A5905A103C82F6E4A7414619719A6F87AFBACF0CB55F4300AB0F0695BF8C0E5E4241094415571C15C909E6B6A6A0D0D6B43593EB89975B2B1914D9E20AA383D4958EDE21E2A7943E1283807DBF84974FE33CD7EBD7F8AD6FD05513D744174A1B24597295EAFA36554AEC2B53421C23976D8C9978B8AA1FC30BB6319C5A02AA3CDA4CC537D4E5F81C206196C364B7D686ACAF90603C98AFA05E5E9A581712DF69525ACE85188D8268A45ED3A3B1D6427ABA82C21D415371ADA19C2213FCC0C9127B36916759A2137C9D7345AE22B5C94E702BEB344287E9C29D6F3DA8A5DBD17499C7D0D40E6AF3B54B7BAD7517B12157759B46C976BBC8C368880E92E23FFD5D7553FCE67F74B4489FAD7F06653EDF64391D74EDF7A78C0C95BA73D088817E62F9C4359E434D9A075CE286A2A0C98DA5A917E603995A68A19146103E70A216E3A0B9AA38871D45AFBCA86EB6F6813556775B6BD32BC430E7398A9DDAF7B127A9F16D874FA1CE64CF81319C338B4B452C6375A0D5C0570F4524F3FD763978EC7278D68048F4E94449DBCEA7164C2A1DED840219FDA442E59DB483E8F6F33E53528E472A56BAF6655736D722D968C6D6579D446D649DAD635E9FECD7AA68B889187759E07B67629CD9372E8967C395BAFAD6DDD630189BE8BAA4AE3B8BE8EB4BE72A7A79EEB6BA0137F6ED0C39CB53D6FB6047CC32FB257117A4CD23C1A6139A7EB081DA1BB98DAD40C5C1B59BDF365166DABA93C341349AF507CF9446F9D9BA561E02AC751C100DD85437A6FFD45B8D205960C55A23E0845DAA5C39C5359E82CD943DE0D0155015744FA5C2E6D375D18755523806A008D429FCBA5DD263DC377E9EEBC5E1F17E9A3C5D9F763711646EE0F6360E67BAE556BF89D8FB7EAF2C7093ED241FAE06735E570EEDF5158783BCC7E273ECDCED874F0A3E4D11D06A8193B9EAF843D14B0B4563E3BE82486D851BFAFFCA90B1E054FCFBBEEC1ACFCC6DB1A5E12BE3CA6596F397393DF128C4464CBF5C838D6D53F65D8FBC5CE5E347AA157F3109420CD455A9BA9951D729A2235940CBEB2AD1C0FF8BCB3A65DE6806E0DA174E5AC13CCD4EBA4B326D2B2ABA3706B081C85DCFF432167BB4737CE08B7A9AA9909EA5CEE330B6A71DA710A94A58FF81FC9BE26D0343257F221E3CE08BAB5F30E135826FC3A3DA08D8DC96EA5D302A45921E155AADBD44331CA9E2FD3641D3DEEB28E776D0091E3441CD7C9EE2DCA71350C83A9923F1130C6CF1FF90D7F706BB8384E7F4349307DD8731ABC4BB3CD2E46F709DAE64F6987A32E90CCF73A152CEB4CC98A8F789966ABBEB48E5365F8A9028C608DDF6E477CFA45920306BC5272191E9429C9AD98867CAAC26ACADC4F7915FAD34D6254A5BF5741B17F2E5DB769D2DE617523F1378C7AAAA6A545259514F96053780CA3CD9BFC5D94A038FA075E791F32C9579B0DA17E2EF4460F34411040DE67600655130773F91E5829D26D2871686CBE4E76F6D9CB97A79A3F454418F638D5E2891C85E3483BFB61CFA3AFD76B5C1E4887BC380CADA1D8B7F13C320DBB79289B6E530FE6F59B8ABB0D37111B730A229F63F4D8C699F39D8B159DC0D36FF699128D9FA3E491C7AA3840B7981A75344B36A2AAFE2F28DE911F67CA600A79DFE10D9F5B353B15727F289E289FEACCAF5466576C35B05ADC8EF465384F6D0FD84E2B6ED9736AE62533A6731B28B200E1F2509C2FF3B2C308C8E17FFA8E81486FF251A0AEB1E511AB2B5B693022AA8FF560A91CFFA82F4B457A93B3F47D9A606754A74B22955DB97F8BF2829B3116E973F774A5933D72D637799E2E23B2BE91F56A8DC98FB692FFB054A214F8A10B22D41835BD4121939C1C177764B9F3986A972991D6B8D0CF35A5003DB38963AE40971547F259EB3B0C02B9431B02EA35382EF701ABFBDE8BBE4C72F251B8CAD0DA7921E78E007C969C46A291FEB055470A7127567A9DAC66B658AAED31318BA5575AEB6C095388DA4CA4FDC989DA1D03657696A81E40CBA455BA64FF8833AA15A198281539192122EFD4CD66942CA32D8A2D4D90CA396E5329F7590D72CA15DE52053F292C7CED5E35AB41DA3BDB3873BEE0E061410D189B4C3BC0E640651C7E78F71671A07F67029031C499038A4080760392A92963A0C9C46A97FA05D3E0C9B1D56C6F5C465EF1180A8A2BD9C96844D9A46FC5C8809238EC523BE7603A0998F4F1CF7483EE100C4D1DFA36CCA03BBAECB1D4C6C398B52D2320CDCA789736F0175693000E8ACBA543803148573BF65CE039DBE09B691B70E50EE04EF832F47404641978E152BB108F721250A9B14C74C36E086CD20E3AF333711756FA7028E309296D1B46809096AF87A153595CC975A3EEEA57DE42008A24E28E3247C77437CD2E9C52EFD6AC1150E8361E2E0D914286EC0B286DFABE4BA08001C138DD26C0DE9869E077805B024368070F2828711E06849D1C2842AD6B3CD4496D99067512F35D1AC1855A9A5485E3516153B6C0D06F41D43828609C1782C32DAE86268DA8D701AC76DA6E8A912D274596149DCF06015DA83E2BBE4CBB4E5BD85A8578132B7A905DA7B9AB23A20B66875303DAD8149382CBB6426A632B061157932D809A068C089DC35DEAD4381C96613604E55050C482E37883491FD163F4930C6D53C6C39796E78771AEA109A0E20801259ACA003053C2B876585F43604C6AC7F80893987D088B9FE2B1AF1B737DA48D76B499D1B23B94F4510114B26D508141C0A46BC90830D2F1D6494071E167A64490E8846E196E8D47BA32E475F4066F386942AE58911A164A602BC68313C86497EA39A78F29573CE9390ECB62A47B9BA3F376CC56C3E8A8323663BCC50E66F421E00A76D3D38A12B3CF1E37EA82B3AE87AC32BAFB8DA7A91BDB3186B83231DAE9846A6A8308A33BA5D3F06B7D2BDD607626F3E9FC437285A90DF98C866AA31E769728A7CE12AABB216951A72642F20F8E7831D4B1AA0B07C7C6AF864BDD9B319E0607FA1F5A142DB333A2B2328A1EBCDE6A9DD19D716CEDCED498F1943CD300ECDF9A7C5D3A9952473852A275A0289D12AEBED0EFF81B1422E7738E6B5F87BC8EF2252385D2BDC78568F19FCF67D7CCAD55B6DF57C026926816158846BB205B88702608605B78CB0EC7F6704F616ADBD55ABA598832B32F881A67936721233F9AA49092546F377206425612EAED1E440DBA0374236CA0E6DABDF629255D2FD9C99C85601B9251A1C424A11B89FA302132D16A8F61DC6836015475F4EA3DBE8D981A0E0EA409859E73222D2DDC7AE28A7AE344BE520FF4541BBDCE8DA79CD4378E95B8DE4AB43919AD484E2E8A09974D14A19A2D94B0706B3DAA58C77861ADAC400E0E541C214E64CB4AAED857173E80DE3F1033EC6E4262478C8E423C5B84B5C3C41AA36BD008FC610EFA66EE80866FDA9EC8366F7D3923DBB50DC417C363F42A771C3D37843ED97D37809E714A83815D766F8D8198063EF4ADB2CBEA7720F4C6E479C0F58357810CBC31F91AF830BC037780573E55DE58CCE7A1F34CB3F86995300357F426F30321C5F65E98CA181FB370A16F8E86E15C4741A5D3C03D47537047C917869B0659EE6ACB6CEBA341B207E0E04872DEF4789A13EB406B235BE764D3A3B0AC934D9054EA21C599B0EBD20B34AD312928882073D2AE420D3220F563780FEEC85B6A3D834C369160BF3456915DD9A4B18354C9B1BE04639261C6198DFAC07E18E696173F469D45C043505A5E588CD5A0CEE8CDD554EEB4E7197626E90DD40612D7BA57A8ACCC02CDAD4C5D920DAEC2304A36B1720067072EA9CF77A8FC311B0C41A7F6AAC910D7FAF6ECCAC00CAD91904A883FC10AC50FE97D052D4F0C26305077602318B54BCD019A9D41B0D98B03B7BBCF28C948433FA14CD61C10F235F61CCECB8A03CD6119A4090A0CA0C76E96E06198C077463C7934E1C7688A30904C360721B6F0C978CBEE7FCFDE9F6BBAEB7185B27AD01C4A4EC10164B5E2CA7EDFEB7DE3ABCE24F9A4DA2EC48C97BCFDA66A13E5965D40B2B4F3053DB1D9A0FAC3F98264A161447728BE4D5738CE9B845BB4DD46C963DE96ACBFCCEEB768492F337F7F3F9F7DDBC4497E317F2A8AEDEBC5222F49E7279B6899A579BA2E4E96E9668156E9E2E5E9E91F1667678B4D4563B114F477F9BA94D544584304BD944AE306AEF0BB28CBE9EB0AE80BA221E32E571B359B74DDAAB971686A936E54D5F16BAE1E9A02F47FFE62978B36471B4628E13C67F7B0EA25754DE71DE9232D547617ABF7056A495296C69046191030FB328D779B447FF3AE2FFD39C7598268F0679E46FBD59DD21DCAF3DF88ACF809E54F223531C59D62FB12A3D03FF6D59D126F43C5D332D956D179220D966242A0C0439AAB32DC9CC0D8AE42A1D0A85B761DE0A82F3A0C1EDBB7DA791AED57774AC2DBEB3C3121C19D5E131D9C27D57CF39825FCDBEBC224E1137C905DDA1C88A006CC104C34D86BE93C15F6D183CE5702B9EC7326B587FBEC4EAB0A0CCE93A9BEB85320DB85AC7E898727C37D76A72507CBE609CA691E08ADE3440BE0ACBF7970AA0C5D5DEA036A6F95C4BD9172C2617FB065577FF7E1B2F49A4A0F23EEEA333355E20909D389172ED48788526D04103DAD72E6550F4D2813127AAEC6448BE8D52A25F6D1AB4DCA84F69FC8821BA5201B4CFE95932B18A67BE67E8A0633D1EBAE70E8490C3313BBA9883A6A42C4399E9C31149D9E5EC30D603D13523C28D2465CA678BD8E96D53583405549F596695ADA50FADECC0DCE6022D4A4682D4DFD6783A1EC30D3405D897C97A029C5FC44A0B15E5276038E6857EC0F1E4BF96100C4B97C0B44F49EE00628B5E6FB0294F456FD7A5A7FDDA1A47A138C27D57EF5383249A2A27EF24B3833693F7B6C99EA970685FDD20632E1AFE03925BC8303BB3BA44756CF652286F82C7A5A52A42941A2998350E9690AAFB9018AA7F73EB7A322AB5D4DD2024BDA75FDC99D86F022274F4948F019D3680591E3BF0FB58198680243C63CA1E632E065E23FAD5D88ECFF0C9742B20A32DD1CAD554F33E4069C63AF2A3194448F39F0BCD916E9469E05ECAB476F23F498A4792491E23E7BC80D2AB228C3EF62FAB0AE2039C4240FB464385F66D1B632EB130023A4F88D2F8A2F9FE8A16473D52F0FB49C3EAEFC3D2409175CAC759765C70B93E38509A332A9DECE2CF202ABEF8D0367672D5E4B60FF77A67EFB36BDF25132405D8C858469D57775F5D82384332B9950D0D6180A39605A5B725FCFE9AE74AACC55374D860FD52660CF10C2CDC09DBC8C6E51BB4F8BF61F7C8A8FEEA61CD9781FD7F85BA44C3B31387BE1C033446720ED3E53F414BEB719332D066A03EBC0E35F4DBFCE83AF293ECCC8873C46EE8FA20F99A215D79F3C6419CE96746328CB46FEFBFEE0100A6E110C8E40488C0EA874A1320C38FB1B3ABD4539AE3A20D2E1BFBB53FB29DD65F1F3474525E5BF7BE8C9719CFE465F909654E5F6F39EC154B15F0F0B548B61BF3354AD740692A49C4F80224EA5B4E314E83E05B4FCAFC71B30031152F66C5235EE2661E7521D54A8EB14D2151F66E684352FBA4D13F990AEFEE44EE36F18496A48F5C5F3668E4E0AE9248CFF3EDD3DDF4DFE2E4A501CFD03CB03C727781CB43685D4C92725EDCFEC03BD9402EF0484285C9D3704662AFBBF2F0871BA70BD5EE3F22001B89D139386B7101814B18AA79A9C85D55E7F61BF99A75AED2526B8AF953CA0CE6865DFF3DA634D761BABB2CC6784515FA3157519BB7DBEFF7B5C22FBA4FC97809E1E4BB31C04FED11AE7C5A7F4579C5CCC7F3C399DCFDEC411CA2B8FC3DA21EEB51CD7D3C943EEEC15F590C3ABCD422EEEEF6747A9E4F94A30F5E26677A38F400E66E77FC1CFF208BB04753D5FC805CF81295A85EE8B1228F8E94DB2C2DF2EE6FF5D667F3DBBF9AF879BD58B59B9237E3D3B9DFDCF7CF67E17C7E80BF5A15CA3385783296A3DDAAA6A93AF285B3ED195CDA1EE26105F43E4C5EC26FF9C447FDF91E44FD90ED3F6DCA26F3FE3E4B178BA98BFFCE107EFF689DE70551BE394D02B83C3B6C4CA40B0165AEDC96345E74B9AC6DE0DE255106EA48C54F8E96F449B2610FD58702B579B3F632262A8B0BB434541C695E6C2B5D99F27AFDA7B55FDC0391112EE542B5A2BF2A9280D5BEF32BC8CF252849C7A536EAE585D871240287FB3DA611231177B8E9065229DF9F7B3BEB5EDD3BE92C400539C5D05CB8DD3D37599ED9C235D3FB1516DAFBB0384F3A10B0A5DD995AE7B0B1B373A9082138B64C739D78EAAC49D65A5D6FFEC60C5A5E0C5D653620252A9BBF46DCDE7FC741356B0978AC2F942049D3FCC332228D5FEB351303FF063385754C7F21E33CEEC6C76B0D34EA3D1792C8D3D012E78B9F9B5802BDA6F8E097E71ED84F027A4B8C255C4D6718ABC9715C8F74D43AE8FD6AD711B3B5840F30B08A84D9D9D76926BA2140E2F81BD293A8FB0C1B7EB604799B3C4F33C31680AF69318EDB99F5FF5AC60AFEA5B57B4EE0B2DE783564B3C82BC0D8A050C9EFD48866E8928D197FE5B9BFA1C3E08795FB47F2738E79C4BFC80C60AF6029AE46DE6A920F085DD3532AD4E38C42E72506DD36DBDAA9C2CFAEDD2857BAF81A633EFF4365015BEDB0767A160731A3BCA876EE0957CD5FC9A2014EE231F26DEA22BEE7061B7D4CC37AE9F88E01CE37ACA1AD123AE1F31D117AE670F01FFB77E1483C8E6A185DA7722C98ED72501EF38BA6235C86D84AFAA0EFA761D2C8E27DE990EAE0472DE66DFA32A3E12F4E157850F15F361E476384D80F723F384122BD90B49A2E3590F838B614F683AD884F8221C76DD3A22BD13D27D990FB84E1D2CE7273E72B50DBC8B58AA7DB77AA88F9CCFD6B8A7AA56AFA783C5555F0317DE6F642031CD3B930C7556DFBA984C012CA38FD27764702A3B3E7587DD11B643C0161831C159AAC78EC77346402E47072B63273732A93D9EBA4F97CADFA97B79DECF6920A48E710724F843F5D8D6485E5023184C5A7D870E76724DAC180FBB43959C998638711A4CB273AF6F35CB55ED32A2F174501FA06FDA55BE56D67E2C0F17B671B424B512062B1D6D09351E3C3C1DF64D24737A72A25222C8C71905268A89F29F17198A54FF2E028164196D512CB75ECAE838A32847194939E50A6FE9297C52481DEC5E15A3284D6B5BD785E7D52CE3CE3D66AE7974B6EBE083A3C68D3FFF263C8F01FEBB48F177070802E35B2E6A75C61867A323027C3B7E1061700403509D213EEE2850900DCB475C1D149B7688609B78F0D070787346ADD31476611480300BED07CD2B3CDC88B6D6DCFC50725F0F0B1CA6F750F6031DC6477A468147F3227A60C5C2040DF66A3C47877D3B7829A17F72621F3509D5B4F141EF1CD84B17B0A89A808D254F184A1E042ABEEB7F4FB4383D6AA0D66A89F23F157446D345F7052D630A968E50995A410560029B1E2AA30B0DE92182441FE17F5F30627884645425446F611F70542D0BD1F8DA49C7411B514FB13C1B352A464C4FE0751B460734D4DE8F00B126651064F88C511838689F00042AD43F67302A20465A4D26930BFB260CF664B1A86D8927D8B83616E7001258D2C16B9BD6A757F671372B410376E61D6A8D980C16E3AF123EA8987A99A8EFA91F34A6C4ED30CA26C7FC382A69EEE8686CF5017203E1C1FE7046705CE85FB301C484E199963111519A373FC0AE149D86CF010582493F4FAB4E18120F23E240F766875A9F2104EE982B46A5F68E058669371523C2C17F5331351E78F3C911AF5205AB4D015D42C2C16B959678FA7B787D2A00C26C68DE7338CF9478E91F922B1CE302CFA89F15B525BB44F912AD54D3B405A9DADC16B9E56AA3941C43D97779632008E6ECEFA1EC91C517606E3AB2A22258BA0224C5F4435FA7DC1E18987AB5BA1643D937EAB41C765E41481D1D5FB4229DCFAE99D9A96CD95905AEBF98AFBEA464EC2BCBD53A51796843A1DF2E7F4A056D125443936AAF42B86556BBC1A7825D6933B877A73555D176ABCD62EA5E6B8563AB9AB3BB51EAE4D2A0CA58B2BD1649E5546A92D2A1DAA42379C71AF575196BB1D387AE8094AAA04C50AD6A3EE706E86B3556E5CC4076AAA4E323CB6060277BB3D956295B4B94DA580A540D7B38D7917E7BC4A2ABA7CD61A88F7B8FD4B1E27A07AEABB54E3654593F7F69AD0EF085056A85728195436F1EBAB541D1F834AD50F2E9DBA13C6AE7D6924621D634A049D6D7DBBCFBE538D6A2F6A21B72319761E4A5678FE44670CBB9B20CB77BCC19974D5C9035FB50CD4E947599FFA86827808F0757907D93F71962575CBA09FA2E407DB53B3984EAB0AA3D549DE6BF07ED78631665E936683D75509DD61BA3035D77B45C0FC4009D1E275068137BB30232BB069860B5CE163AA1688465EBB9AF7BC400D5B018E8BEC5FA38D0D84B0A6759907DEBDD518B092DD06B1FA3DBBEB35828AFD78C4B3250F210EC31C84357A3D240C8D81386B06D81134334762190C98BDA97BD630764FB679014062BB9901D19517E680CDB0C3C3099C0756DB8E9824A2DDDA404EBBC610618EDBC82C07E94F155ED95F47DB5D836855D16A56304BEF72C2934131877AD2CD018B78403F928DD578C50808E9B0D55A0437AF9AC847FE6B64D33B0403AD3E1CB87EBB46867A1EFB8C11EA36BA3A172C2390F5FB84E080575C9A4408F7493ED41908E8F27CDE1DB7368C8EDD7EC81841C74C0A4BECD1EB8EBCA8999850396CBC9BEDD71B90F5648293942C903F056532F16EC97A021A5037432A87D3DDC9D25CA3BD42CED7C511D2CD61FC84FE5BDE9F3C5C75D42E3CA54BFAECA07231989734233C14BE1B290E5B949D669736D29B5A8C922C7BA22B260459F5ECF8A688D960549A66FB047C9E37CF60B8A77E564FC825737C9875DB1DD15A4CB78F325169841EF3E4DF59F2F94369F7F28039AE621BA409A19D1503C1F92B7BB285EB176BF0382EF6848D04BD53AC8121DCB82065B7A7C6694DEA78923A19A7DEC2EF81326428B10CB3F24F78886CEF56FDBE71CFF8C1FD1F2F9AE7E355C4FC43E1022DBCFE9330F19DAE4358DB63CF94930BCDA7CFBE3BF0000B87441145A0100, '6.5.2');
INSERT INTO `__migrationhistory` (`MigrationId`, `ContextKey`, `Model`, `ProductVersion`) VALUES ('202607052137247_RedesignSalaryConfiguration', 'ClinicManagement.DataAccess.Migrations.Configuration', 0x1F8B0800000000000400ED5DDB6EE438927D5F60FF21918F831EA75DBD0DF414EC19B86CD7B431EDCB94AB7A779E0C5626D3165A29E548CAEAF22CF6CBF6613F697E61A81BC54BF026525266ADE117A74806C9E08960908C20FFF9BFFF77FAA7AF9B78F6056779942667F393A3E3F90C27CB7415254F67F35DB1FEFD8FF33FFDF1DFFFEDF46AB5F93AFBA5CDF77D998F944CF2B3F973516CDF2E16F9F2196F507EB48996599AA7EBE268996E1668952EDE1C1FFF617172B2C084C49CD09ACD4E3FEC9222DAE0EA07F97991264BBC2D7628BE495738CE9BEF24E5A1A23ABB451B9C6FD1129FCD2FE22889963728414F788393E2E81215E87CB9C4793E9F9DC711224D7AC0F17A3E43499216A8200D7EFB29C70F4596264F0F5BF201C51F5FB698E45BA338C74D47DE76D96DFB74FCA6ECD3A22BD8925AEEF222DD38123CF9BE61D2422CDE8BD573CA44C2C62BC2EEE2A5EC75C5CAB33961584AC6603E13EB7A7B1167653E80D11769868F9A82DFCDC0E4EF28440892CA3F926F1717BB0C9F2578576428FE6E76BFFB1C47CBBFE0978FE9AF38394B7671CCB695B496A4711FC8A7FB2CDDE2AC78F980D74D0FAE57F3D9822FB7100BD2624C99BA73D749F1FD9BF9EC96548E3EC7984261A12D4F609425E4BF960AC1149193F9EC067DFD19274FC5F3D9FCCD0F3FCC67EFA3AF78D57E69287F22DC22E03E9B17D90E3BD77C8FF2FCB7345BFD84F2674DEDE45FABDAF5955DE7E7CB22FA42BBF92E4D638C12E7465F6DB671FA82B133DB6FD197E8A982A382E27CF601C75586FC39DAD602DF42F3B1CBF43E4B371FD2B8C33B4D7B7C4877D9B2EC61AAC8F011654FB8E09B76BAE804492B5E5D135CE5AB2DF9AD0A18C389878274E8CF38C1192AF0EA1E150591AE9206AED86942D77B42FA562F8CB6E2E0886B32E3E0BBF5BB282BA82C969F3E461B775AA4FF2B9CD13E94386E3FB9AA88E734C1B7BBCD67869CCC9293E3213872B541513CBE563C5FADB26ADEF7AED850CF176263649F325D17C3A8DE5219716068F5419DE0C89F07D2EAA284A6374C89854694CBB220148B5DCEB5504C721526FC9461BECFE74BB4C2C4B869930C2CC379F494542A05EEAAEDE4426D22DFB9A59D3A94734B3BF9F49A5BCEB7DB344A8A724AE861BE75855F6718B3D1554424E734938C9D3A1F6A862B199417BEF672A57F6A21F4D43F57C92A081D407F3122D153855D64B8C4D7BB17895FB6AA875280954FD7C2472627A381A00CB2890BE682EC5C5D531B68181B4AF3C1CD6C92B58D6CF37899E20D917A2E794031CA5E2E52BC5E47CBA89706D5D37B55AA46096C5896ACA3A75D5691F45533162684B3B9C320A4513978196D10B100EF33F25FB35DF6E37CF6B04425599F552DC01250BCF4D07B04C974D2E75E5A12CE1E24BC6417EC91ABC002445EA5D424003F91918F5F3EB0F6B437FE25A95D23C2DD87E7685D0C226FD23AA1DC6326740882C7956F4E6C98AAF3FD907271B9E2A128BC36CBCABDFED52EF6D8346B29BCCAF7605BB3029DFF4CB35F2B09F65E2A34431764B742A5531EC8F229B6D86BAF967D9AF2C3EC5F8B2806371B9499A4C95A9DD3D5E4A7830C369BA63EB635E56C83816449E34079BC540AD362575D428BBE2A1193A01836464E8E07D96B963615426C28D8D1505BF01DF2C3488828CC3A29EA2521D7C997345AE24B5C543BF7AE52C2157F9514E3896ACD2EEF4912675F0290F9EB0E35ADF63A0C4FA2E23E8B96C3AD10CE37F57EFCE0067A333CA0F036698F1CE239F9857348939C221B34CF69554D8D015D5B6BD28F34A7D4543E83A46CE05C21D44D6F45F3AA622CAD565FDD70F5156DA204DE96B3DA050F73DCA8DC517724749B1658773E1CE6D4F62319C338B4B692C6375A0D5C057038D2889FEDC148CF038E563582871B52A24A5F791C6A30A8D73690CB27379149563692CDE3DA4C710E0A395DA9DAAB98D56C9BDCA8256D5B691EB9914D92B2756DBA7BB35E36CA1DB8867893E791CE5D52F3841CAA295FCCE6B5B46D7ACC21D175529569BCCEAF23CDAFCCF9A6E3FC1AE84C9E19F4307B6D2F9B2D01DFF093EC65849E92348F4698CECB79A41CA1FBB8F47A1DB836327BE7CB2CDAD6A23C341349AF507CF15CFA85B553C3C0558E638201B60B83746FFB8573BA02A60C59A33E7245BAA9439F539AE80CD9437A6F0055014E1CEA5C366DD7B974F43523806A008B429DCBA6DD3A3BC375EAEE3D5FBF4ED2AF3EE1DF8E4F7818BD3F8C0BB8EBBE5663E1F7DEDE6ACABF0AF8481BE983EFD554C3B97F5B61E12325FC767CDA95B16EE347CAA3DA0C9033F6DC5F09BB296068ADB877D0CF51AEDDEA77768EAB0BBE2A1ECFB3EEC1FCF0C75B1A5E10BE3CA599B79EB9CE6F084622B2E47AA21CEB1B413AECF962EF3857B5D26B78086A90F620ADCBD4E90E314DD21A520657DD568D07BCDFD9D0AE7240A78650BAB4D70966F2DAE96C8874ECEAA9DC5A02AF4AEEFFA192339DA36B25C24E54159220CBB28F1434EAB4A70854A55FF13F927F4D2031D2577297317B04FDDA798F092C13769E1E32C845E3B7D26B0252CC90F02CE5117EF23ECD36BB183D24689B3FA73DD6F820996F55186D82BF3EE0659AAD7C69850D957F87F226D66130737384989AF3384E7F43C98036738BDF7E7B1B8610B81A18B08A60323C4A22C9A80A4D3E79A6D665F69BB5B9FEF4D31875E96F5551EC5F2CCB4D9A749BF7FD48FC0D23CF39B972252B35453E98088FE1AD769DBF8F121447FFC02BDF3D004AC8EF760F6DE80DA708A0B01B30836C8280B95C57EA92761B4A1D6A9BAFD29D3E8B986A3BE7A78828438FE53C4BE455398EB4A4197623EE6ABDC6D54E5CC81393D0168A79FDC22253B38C81B2A95633605E3751DC6D18416CCF91897E8ED1537705A6AB2CD674028B1F590013A2F10B5930B358E507E80697A7D9ED948D4A53FF1714EFC88F136930B9BCEFF186CD2DFBDB71B9EF8AE7924F4DE6EF6566D76CD5B09A5F8EF8329CA5B6076C2F2BEED873ACE725F522B21B2836505F355C562320DE4CE63B063CBDC947A18C09ACF6966CD95ADE9356DA631E2C15EF55F165294F6F7296DEA609B64675BA245AD996FB37282F188931689FFBE74B95EE11B39EE779BA8CC8FC46E6AB35263FBA4AFEC3508954E0873E8890AFCFF206854872725CDC93E9CE41D42E52A2AD71A19635A940B96713C74C813E338E10ACE33B0C1CB9431B82325C6A5CEE03EEC6DE93BE4872F251B8CCD0DA7A2267B6005CA69C56A391FED05947B87D93AFF42A59CD4CD73C77DBC4F49ACFCA4D614B9842CC66A2ED8F8EE4EE6828D3BD4479035A242DD325EB479C9556118A895191931122FA4E5E6C46C932DAA2D8D004A19CE532B5E43EAD414CB9C4DBD2C04F0A035FFB574D6B10D6CE26CE9C2E18781850035E9BA81C60FD1D8A0C7E58BF7E7EA07FA70390F6F6450B148100ED07245D53C640938ED536F5733E919363AB5DDED88CBC142A1114576274C588BA49DD8A91012570D8A67626B26E1230F5B8F14D85069F4B1E3BB098EE4CB547A7CF75745D7BC03BEF06C171FFF68E00F3FE836BD338C5C5AC934884FA2A3415D02CEE4593956177E3A03DA2CDD7AA8DA7758D6D19019446C6DBB4813DC29D0470D0155D2A0468EFEBEAC69EB983CE34F87ADA1A5CD903B817BE343D1D01591A5ED8D4CE5D4D3909A8E46B4D54C3AEB9E3A41B741A7262AFACD437A38CA7A4946D1801424ABE1EC62AC31055AE1A75DB10F30E02D0A522F628B38C51B75BEB845BE6DA356B0414DA8D874D4384DB43F60594A615B0CD9D01038271BA65B1B931D3C0EF0017C99A5B1E1CA0205DF93020ECC43B23E4BAC6439DD09669502730DFA611CCAD4B939A702C2A4CC616780B5C10330EBA3BCE09C1E126574D9346B4EB00565B2D37F94B2E27459670519F0902AA5BFB8CF8D2AD3A4D37D84AC4DB6BA3075975EABB3A22BA60765835A0BBA6625270996648E5358B41D4D56413A0A2012342E770A73AF94A0EC3306BEEE7905044EFC9710693FA728FD17732944D190F5F4A9E1FC6BE86E22E154B084817AB0C0033E946D71EF36B088C09ED181F6102B30F61F29382F75563AEBE7483397A6CDDF8EDA1A4BE204022DBDD2F300898542D1901462ADE5A2928E6269A2911C4C7A31B865B119C2E0D79739183339C14B7AF18911A164A602BC68313C8649BEA9930A829673CE1650EC364A47AA6A3F772CC54C3E8A8D23663BCC90E66F421E00A0E5C55AA127D14ABE870D386AF3BE82A6D00EC7896BAB61D63A82B1DA3AD76A8A67688D006185B0DBF32DAD80E6627229F4EEF924B5C4655CCCA5BDBCA98D30B9497E14372002E6951AF262A5DCFA408EBA1B6556D3838367E155CEADF8CF12C383022D76068E9C373A599918F697736EBB401BE635B77BAC68C67E4E90660FFE6E4AB2AECBA0C0D2525BA90A22A4CE7F273F91D7F852E8DFA94E326FA276F2EFC129152D27DC0051F0393CF675734D05B8C6891C0C693682715884637211B88302E08605B58CF0E0329BD3F2B44DDE4986CA8107071856A01DD8D2D79CBBCF0A9E471E7B567204A5DD8206A8C7FA1818CF81694444A5846D891D3103292904F2A216AD079A61D610D35DBEE752F44A97A4977194DA8A3374DCA486BB5BA1D89666324D2D1EAB694EC68B6F7C2AAE835FB15569225580A6AD992EC292BF2B53DA2A6DA1A92761D67A6192D43F9095EA0CD4C0A92AA662E1262B2F13A5BB166E32C05655023ED183B3B48539E450C234388992344AB9AEFAB0D1FC0003C8819E6483DBE23DA583D962DDC64A5638D363A6F04FED03B32F4DC013DED943D119DEC7C39233AD20DC4971EF15000DB7CA3AA382E78C455314C321A3C9A71F088A4625A005B40DE23A68ED70106C632B887EBBD39BC07C022638B69186B0EE81908E6E0B3F032BB8CA1295C6F74C1294C3F58CB52C31B5D388A0BC37B7007781356E68D21C202DAF2D64F189D6DABE18A3AAA6220A4985E979319E31239C0F5CD327680E92868CB6BB867192D60395785E1A666F6B5757737F551331707E0E04833B3EEA93D2BD6810E69A6CE89DE696159277AA9C9D443AA336E31AB56684A7F635011411EC77D951AE463ECC6700FEE883B156A06E9DC66C17E291C67FBB249E12A2B93A37D09C6248DC469FD3EC17E6864CB891FA34A11F06C989217067F46A8336A8F46993BDD369199496A1FC681D4B5EACD3223B3408F3C5D97449FBC308C12BDF02CC0D9834BF2632F327FF43E65D0C18EEC55C62EC3E896A086194A3F329910BB31188A1FC26B1C4A9E68BCA4A0EEC07E527297DA7D49338360CF280B6EF79728C18F472D503A871F08F90A971FEB69C582E6B00C52DCA40EA0C7ECB962E15A02E187DF2BD6E147EBAD32904ED6DFDC6EE093D611C3DD15C39F6B2A0F0A89B27C34104A4FC1B76E2BD595D925C0D929409624F16CC1ACC4B47E007EA2DA5E0D4ECFA869DAE9A2DCB1D9A0E6C3E9826429EF5EDEA1F8265DE1386F136ED0761B254F7957B2F9327BD8A26579DEFDFB87F9ECEB264EF2B3F973516CDF2E1679453A3FDA44CB2CCDD37571B44C370BB44A176F8E8FFFB03839596C6A1A8B2567BF8B27EAB426C21AA2E885D4F2B2D5157E1F6579F9240DFA8CCA7B362F561B399B7022AF38236A6B130EDDE5F16B0F8BDA02E5FFECD93F734567D9304209E7393DAA97FD181A3AEF491FCB425577B17CC223972465CB8BF75106BC327091C6BB4DA276CE5097FE94E32C41E58DF92C8DEEAB3DA57B94E7BF115DF113CA9F796A7C8A3DC5EEDD4EAE7FF4AB3D25D6CD8EA5A573BF2BE544182CC9CB44828720AB22DCACC0D8CD42A1D0A89A762DE0A82E3A0C1EDFEFE2F856C263F7D59E52F916C4DDFA5D9415021CB9047B7AED930A2CA9F69B83943CA709BEDD95B7E70A42C226B820BB72E5E0410D7877E8689CAF561981094F857E74A0F385402EFB9409ED613EDBD3AA5F5360C9D45FEC2990E542D63C5FC692613EDBD3125F1860098A690E086D2ED7E7C0D97C73E05475DF7F650FC8BD9512F746CB719BFDC1A65DF5D987CDD4AB2B3D8CBA6BF6CC648DC7254CA75E98DB60789426AA4B62D4B42AC9AB5FE79104127AE34B478BD8D53225FAD1A94D9240BB0B321769CBE9065D08EE64A267724F08258D062F4E77017525388CCC2A2E50E5206477C7AABA8E305303E733CBCF594A67DA0971093AAD8402A3851F900502ADA80C033BF65959960AFBDD05606BB48B8BCAE9430913652617EBA47BE449598F32D3DE4053F67C09BD36A3CEE2FDD7686A12C320B2DFAA5A458DBBC79525A7BDE0554DAFE506B004E0521C286A85C5474A1A6B4F491B4ADF1BD9607CCC42094517F3E02E0D9AB2C388816CBCBB5AED535AC61381C6E8D7D10F387C848B3B780CE587011073910A47447DBF8A064A5D501C072575AC9C9AD65F7728A9DF9E6549755F1D769993A8689E96E5B699BBCF0EBB4CCD8BD6DC16D3060A8CABE13925BC8303BB3FA447DED11089686E3D53D312EE6FE4349AFE6A47354DEED56060ADEEBC35D873EDAF9C4DD2020B1B12CD277B1ADCCBEF2C252EC1654CA315448EFD3ED49ECB44020CF93F86926520DED15DAC6D88ECBF840B179D733A5D7F07BA9A66C83D4B86BDB2C690121D64E065B32DD28D2805F4AB436F23F494A4792490623E3BE88D5265950CBF8F5122680E3EC9012D19CE9759B4AD3DA139C070296EE38BE28BE7F21CA7F58E12075A4C1F57FF1E92860BAED6FAEBB2D733E6D733664A6552BB9D3A310736DFDBAB047A5BF14A02FBBF32755BB7A98D8F8A01F264CC254C6BBECBB3C71E219C3A16063B58817D2B6D0E535425F7759FEE5265CA5CF6B364D80B5039EC692E46D57027AFEE8C6A2EF2E05DE6D81417DB4DDAB271DEAE7177E29B563098108BC012A28A29B1971435856F4D62A6C54013931278FC6BF1EB3DF88AE2C38C7CC86D647F14DD659255DC7C72D065385B960B435137B2DFF70787702C45304042E47B7B4318E90C0451263E05F6BFE9D2C6F43B7D87F2C63789A7C37E9FCAEBE33C8ED3DF50224EEACC6707FE37E30D9CAF73297B26546DE85358596AAE24EB2B42AAE2C3484E58BF8D9B3411773F9A4FF634FE8691A0DFEB2F8E471EA550085B0CECF7E90E50AEF3F75182E2E81F581C3836C16107AB2D240B9F90B43FD20746CC0536B1B83BFC7A5B5A7A2AFB6F708558B65DADD7B85AA101C71E7CD2F047AF8322568A9A14B3D0DA9B2FF4378D9A6C2216B950CA8A07656064D5F7BC899E144318EB2CF31961D4976855862FDEBC3CFC3DAE907D54FD4B405F797BB53908FCA335CE8B8FE9AF38399BFF78743C9F9DC711CAEBE8D72638F3AD780DB155B4E6C9F765B4265E6D166271F798CF924A9EAF381F1A46BA5B7B040A763CFD0B7E1147D8E60EEAD38558F01410D1FAE2CF2881EE6ABE4E56F8EBD9FCBFABEC6F67D7FFF578BDFA6E562D35DECE8E67FF339FDDEEE2187D2EE379D728CEE5FB5295D19575B5C917942D9FCB99CDA2EEF61ACF96C877B3EBFC5312FD7D47923F663B5CB6E7067DFD19274FC5F3D9FCCD0F3F38B78F8FCCACDB18A7845E75977547ACBAB7DA40ABDBD2A9E97C4ED3D8B941AC09C28C94960A2BFE5AB429DECD180B6ED56CF3674C544CA9ECEE515190712D73E1C69FCA9157DD81957AE0AC0871875535AD15F954541E83F7195E4679A5428E9D29B76757B6430920943DB2EA2144F4BA07869041904EDCFBD91C87F9B4AF22318088D33336B1716ABA36D2CE0475FAA98D7A79DD1F204C3C6750E88A619DFD5BD8C6ED8014AC58240671DA7654266EAD2B95B19007AB2EB9884A4F8D0968A5FEDAB7F34B72B34D68412F138571320F2A3FD4E53C28557F69E4CE75DD18CE1455B1DC43E25C821B0F5608158191BD80AFBA22BBA6FE5827D3813A81E6567F4D3E5473DF04682E172ED4882191BD0D8A39293CF9918C3359AF93E437A14C6D639CE4C12298DD780FC25308668AB0CB81EA53865F8E8B197D18E3C10246B1A475581B78CEF05CFCA45B0B98A27E46061771D95904EE841432B18E53E46C574351950A723EB85604241E2CA0590B1A5C4E9E1CF732EC783334BC09EA4CD17A84355183073BCA8C8FA7E396695BD04F6374071F6ED5D3825ED577418EFD571A4C74E34013777B1039EE3C0D06141E2CCE99B02537A0D1825E4013E2181D0D04B6B0FD9254B9281E621B6DD0E5B6DD7C5587EFF86D537207FF0389331B4E395015AEFB27D64AC1148EF8AA1FFA81578882746B0257D8473F4CBC4729055A86DD53A451977E2A8209B9F4D4357CACA51F313ECAD2B387588EACF4A31844370FADD4BE114DF67A5E1CF090B72F56831CC7BA9AEA60D4E0C1E278E295E9E0462013C7F82D9AE223411F0C2E3C58CC87D1DBE12C013642D1114AB4A41792F890460F8FB36177687A38C5B9221C0E0A7C457A2FA4BB321F08CA3B58CE4FBCE56A1A781BB5D444057A988F4C34E01427E6DA58BA6FC8315A0CD0EB3F62BEFE836C58DE4093C0082E034C04DF503B875C509F8761EA28115068DCC1AAD8C97D019AC8BCFEE252C7E5F52FCFC6E30D84D431B6EAB9B83D0FEB5388D61BC1B1D718E376B0C235B1FD32EC424208BA1B62636030CDCEBC58D84E574D68932222A77B35B17B59B46E57F5C263F7B15A036EE368496A250C963ADA116A23CD583AF41B4FE6F8E848A644908FB3129828BE4893BCC85024C721120824CB688B62B1F542464B892A394A498A2997785B6E962685D0C1FE55518A82589BBACE3D496918F7EE404AF55077DFC107478D197F269E81C300FB9DA7F8BB030481F6FD2BB93AED2567A323A2392C1C4119BC8201A84E7341EE285030F8C99B5DCAC5B78BF9BCEC4083E9F6F831846AB03599B20E8232BBB78E8203CEF9BD2FB905960F678D8247D11F7D446B4572858708768907AFAA2C1E4192EBD45D57330A40A863F7A3E2592866443B2770762899AF87050EDD033DFB810EEDAB51A3C0A3396E0E6DE8EAA0D1BAE6B274E8B783D712EA3750F6D1B2953D221FD541D55EB6A961E903B866B284A1E441A0E26A8F7AA2C5EA950DB956C3B313534167B4B5D1BEA0654CC5D2132A532F980098C01E8BD2E842437A8820513F39B12F18D1BC8A33AA11A276CC0F38AA8689687CEBA4E7A08D68A718DE311B1523BA3719FB0DA3051A9AA04980589B3208325CC6280C1C946F520215AADFD718151023CD2693E9857D53067B3259342EC8132C5C5B4775000934E9E0AD4DE35B40FBB89A15A001C7000F35474C068BF1670917544C3D4D347E138F0A0F64E63846F054E68E62C4347B74B42EFE00B9A10E568C2FB904C785FA7925404D68DE0D1A13119557F4231C81D16BF82C50C04502B0B49A8421F130220E548FC8004769EAABC3C79C316AB3772C304CBBA818110EEE8B8AA9F1C0BAF38E7894CA7911CB3E006DC2C15B95867748F6F0F89403843EF0C173384FA47726EE924B1CE302CFCAF0ACD2B7F102E54BB4925D2517A46A7D5BC496CB8D92720CE56FE88C81209833BF23B5471E8880FBF3C8860AE7790D90E4D30F7D9EB27B9865EAD9EA8A7F02A435A7C5E73A248434AF8AF05ECDF3D9157583163D8DEB073FCEE6ABCF2919FBDA93BA49941E2892E877D39F54419704D5D0A69AABE04E99E56EB0A96057BA0CE6BA4CAE7152F5A602508BF465CC8D043D05A59681B9A0E60019EDC7BDF3E9518E7F97458783CE5DC95435E3A024D5C9A44195D164732D826D2ED524A443B50967179635AAEBD2D662A60F9D9549554199A05AE57CD60D50D7AAADCA9A8174FB4DC5479A41C34EFADABA5118DB495716C0360514BAF6C96B4BFADD5E94AA9E2E87A63EE62561CB8A9BAD0A55AD4DB2A6CAE6E15A3BA52699A50AB526E5532B36E9C552BB96B456BBA2016DB2BADEF651474B3EF326968ADD7C2E0DD78537EDC446303687642B740BE119938DB71A148B65C572997699FD28995040601453907E1317437C576CBA0906FC407D35470685EAB06CE2D49D66BF07ED78EBBB65E836E8E275509DEE11C101F0C4370E0458A383F61BF3FEAA90AE61A49DD15A913665F566B73A4001E0AA65344320BCA94C568E4297E8CD0AC8151F6082D1639FEB8464FC56AD67BEEE1103646773A0FB068FF440632FD8D65541FACDBBA306B76AA0D72E8ED8BE4A932BAF5E045464A0E421D8A3997E6C1D8D0321634F18425740560C51F80A416E50725FF68E1D903FA84653683C2743766444FDA17076D4F040E716D9B7E1BA434BB9749B12ACF31A09D0FAFE0581FD28E32BFBB0A9FB6AF0770B3B2D0A3B266CEF6952682650EE1A59A070780A07F251BA2F3926011DD73B2F410737E2B610FB647C97A66181B07DC5960FD769DEF746DD718D8F4EDF4643E5B82D2DB67093100AEA829B891AE93A7F94201D1F4F9BC31E15D0909B5D2F022939683F8F5967B70961BB2E6D501A386038B0F6ED8E8D8F80444ACA114A1F8027DD6AB5603E180FA91DA08D5896069F6ECD92F6222A7AA04BD34E17F53E6EF381FC24A48922BA495738CEABAFA78B0FBBA4BCFBAAFE75593DBE4C499C129A095E7207C834CF75B24EDBA36CA1456D16F13E3EA20B56A840E75911ADD1B220C94B9CE751F2349FFD82E25D258C9FF1EA3AB9DB15DB5D41BA8C379F638E19E579B8AEFED385D4E6D3BBEA6EDC3C44174833A3F2BAB0BBE4DD2E8A57B4DDEF810BC21424CA83F6E622B8722C8BF242B8A7174AE9364D2C0935ECA3FE011F31515A84587E973CA0F21666F7B67DCAF1CFF8092D5FC8F72F5175BDAC8A88792078B69F962F866468933734BAF2E427C1F06AF3F58FFF0243B6C8E2BC6D0100, '6.5.2');
INSERT INTO `__migrationhistory` (`MigrationId`, `ContextKey`, `Model`, `ProductVersion`) VALUES ('202607060110346_AutomaticMigration', 'ClinicManagement.DataAccess.Migrations.Configuration', 0x1F8B0800000000000400ED5DDB6EE438927D5F60FF21918F831EA75DBD0DF414EC19B87C9936A65DE5B1AB7A779E0C5626D3165A29E548CAEAF22CF6CBF6613F697E61A81BC54BF026525266ADE117A74806C9E08960908C20FFF9BFFF77FAA7AF9B78F6056779942667F393A3E3F90C27CB7415254F67F35DB1FEFD8FF33FFDF1DFFFEDF46AB5F93AFBA5CDF77D998F944CF2B3F973516CDF2E16F9F2196F507EB48996599AA7EBE268996E1668952EDE1C1FFF617172B2C084C49CD09ACD4EEF7749116D70F583FCBC489325DE163B14DFA62B1CE7CD7792F250519DBD471B9C6FD1129FCD2FE2288996B728414F788393E2E81215E87CB9C4793E9F9DC711224D7AC0F17A3E43499216A8200D7EFB29C70F4596264F0F5BF201C51F5FB698E45BA338C74D47DE76D96DFB74FCA6ECD3A22BD8925AEEF222DD38123CF9BE61D2422CDE8BD573CA44C2C62BC2EEE2A5EC75C5CAB33961584AC6603E13EB7A7B1167653E80D11769868F9A82DFCDC0E4EF28440892CA3F926F1717BB0C9F2578576428FE6E76B7FB1C47CBBFE0978FE9AF38394B7671CCB695B496A4711FC8A7BB2CDDE2AC78B9C7EBA60737ABF96CC1975B88056931A64CDDB99BA4F8FECD7CF69E548E3EC7984261A12D4F609425E4BF960AC1149193F9EC167DFD19274FC5F3D9FCCD0F3FCC67D7D157BC6ABF34943F116E11709FCD8B6C879D6BBE4379FE5B9AAD7E42F9B3A676F2AF55EDFACA6EF2F365117DA1DD7C97A631468973A3AF36DB387DC1D899EDEFD197E8A982A382E27C768FE32A43FE1C6D6B816FA1F9D865BACED2CD7D1A7778A7698F0FE92E5B963D4C15193EA2EC09177CD34E179D2069C5AB6B82AB7CB525BF55016338F150900EFD19273843055EDDA1A220D255D2C0153B4DE8BA26A4DFEB85D1561C1C714D661CFC61FD2ECA0A2A8BE5A78FD1C69D16E9FF0A67B40F258EDB4FAE2AE2394DF0FBDDE633434E66C9C9F1101CB9DAA0281E5F2B9EAF565935EF7B576CA8E70BB131B24F99AE8B61546FA98C3830B4FAA04E70E4CF0369755142D31BA6C44223CA6559108AC52EE75A2826B90A137ECA30DFE7F3255A6162DCB4490696E13C7A4A2A950277D57672A13691EFDCD24E1DCAB9A59D7C7ACD2DE7DB6D1A25453925F430DFBAC2AF338CD9E82A2292739A49C64E9D0F35C3950CCA0B5F7BB9D23FB5107AEA9FAB6415840EA0BF1891E8A9C22E325CE2EBDD8BC42F5BD54329C0CAA76BE1239393D1405006D9C405734176AEAEA90D348C0DA5F9E06636C9DA46B679BC4CF186483D973CA018652F17295EAFA365D44B83EAE9BD2A55A304362C4BD6D1D32EAB48FAAA190B13C2D9DC6110D2A81CBC8C368858807719F9AFD92EFB713E7B58A292ACCFAA166009285E7AE83D82643AE9732F2D09670F125EB20BF6C855600122AF526A12809FC8C8C72FF7AC3DED8D7F496AD78870F7E1395A1783C89BB44E28F798091D82E071E59B131BA6EA7C3FA45C5CAE78280AAFCDB272AF7FB58B3D36CD5A0AAFF23DD8D6AC40E73FD3ECD74A82BD970ACDD005D9AD50E99407B27C8A2DF6DAAB659FA6FC30FBD7228AC1CD06652669B256E77435F9E92083CDA6A98F6D4D39DB602059D238501E2F95C2B4D85597D0A2AF4AC42428868D9193E341F69AA54D85101B0A7634D4167C87FC3012220AB34E8A7A49C84DF2258D96F81217D5CEBDAB9470C55F25C578A25AB3CB7B92C4D9970064FEBA434DABBD0EC393A8B8CBA2E5702B84F34DBD1F3FB881DE0C0F28BC4DDA2387784E7EE11CD224A7C806CD735A55536340D7D69AF423CD293595CF20291B38570875D35BD1BCAA184BABD557375C7D459B2881B7E5AC76C1C31C372A77D41D09BD4F0BAC3B1F0E736AFB918C611C5A5B49E31BAD06AE02381C69C4CFF660A4E70147AB1AC1C30D2951A5AF3C0E3518D46B1BC8E5939BC8242B1BC9E6716DA63807859CAE54ED55CC6AB64D6ED492B6AD348FDCC82649D9BA36DDBD592F1BE50E5C43BCC9F348E72EA979420ED5942F66F35ADA363DE690E83AA9CA345EE7D791E657E67CD3717E0D7426CF0C7A98BDB697CD96806FF849F632424F499A47234CE7E53C528ED05D5C7ABD0E5C1B99BDF365166D6B511EBCB2749BE678D518F5238C1A61238A2F9E4B47B4762E1AB8CA716CBE7B5C4A9295C79950B2D6B119115F3208A550A7C93D46F908A30F18788C3AF036F238CF34605E95A79D47AE4837BFEA734AD680217B481717A02AC0D3459DCBA6ED3ABF97BEB616500D6076A973D9B45B678CB9DA37BD8D9A574BE6D571FEDB719C0FA3F787F19377DDFC6B9641BDF7009BF2AF023ED269C3E01B5AD570EEDF7E61F87012BF6DB176FB40B73B26E551ED98C8197B6E4285DD3931B456DC60E9E74DD89E87387B10D6055F158FA743C060C10AE3AD9F2F085F9ED2CC5BCFDCE4B704231159723D518EF50DB31DF610B67730B05AE9353C0435487BDAD865EA74879826690D2983AB6EABC603DE146E685739A0A355285DDA100633796D0737443A76F5546E2D815725F7FF50C9999C0DB4126127AA0A499065D9470A1A75DA5304AAD2AFF81FC909299018E92BF990317B04FDDA7987092C13769E1E321248E3DCD36B0252CC90F02CE511A3739D669B5D8C1E12B4CD9FD31E6B7C90CCB72A8C361172F77899662B5F5A61EF137887F226206430737384C0A3F3384E7F43C98036738BDF7E7B1B8638C11A18B08A60323C4A22C9A80A4D3E79A6D665F69BB5B9FEF4D31875E96F5551EC5FC0CF6D9A749BF7FD48FC0D23CF39B9F2B72B35453E98088FE1D277935F47098AA37FE095EF1E0025E477058A363E895304506C1298413641C05CAE2B7549BB0DA50EB5CD57E94E9F454CB59DF3534494A1C7729E25F2AA1C475AD20CBB1177B55EE36A272EE48949680BC5BC7E6191A959C640D954AB1930AF9B28EE368C20B6E7C8443FC7E8A9BB27D455166B3A81C58F2C8009D1F8852C9859ACF203748BCBD36CEA6F549AFABFA078477E9C4883C9E5BDC61B36B7EC94C8E5FE503C977C6A327F2F33BB66AB86D5FC72C497E12CB53D607BE5E645D973ACE725F522B21B28F63603D570598D80787D9BEF18F0F4261F853270B2DA5BB2656B79995C698F79B054BC7CC697A53CBDC959FA3E4DB035AAD325D1CAB6DCBF4579C1488C41FBDC3D5FAA748F98F53CCFD36544E637325FAD31F9D155F21F864AA4023FF441847CC7983728449293E3E28E4C770EA27691126D8D0BB5AC4905CA3D9B38660AF49971848826DF61E0C81DDA10943165E3721F7037F69EF44592938FC26586D6D61339B305E032E5B41A8DF487CE3AC215A57CA557C96A66BA0BBBDB26A677A1566E0A5BC2146236136D7F742477474399EE25CA1BD02269992E593FE2ACB48A504C8C8A9C8C10D177F262334A96D116C5862608E52C97A925F7690D62CA25DE96067E5218F8DABF6A5A83B0763671E674C1C0C3801AF06E49E500EB2F9A64F0C3FAF5F303FD3B1D80B457545AA00804683F20E99A32069A74ACB6A99FF3899C1C5BEDF2C666E4A55089A0B812A32B46D44DEA568C0C2881C336B533E1879380A9C7B5782A34F8DC84D981C574B1AC3D3A7DEEECEBDA035E0C38088EFBB7770498F71F5C9BC6296EAF9D4422D4F7C5A9806671799CAC0CBB6B19ED116DBE7B6E3CAD6B6CCB08A03432DEA60DEC11EE248083EE315321407BA95937F6CC457DA6C1D7D3D6E0CA1EC0BDF0A5E9E908C8D2F0C2A676EEFECE494025DFFDA21A76CD4530DDA0D390137B65A5BE3E663C25A56CC3081052F2F530561986A872D5A8DB86987710806E5EB14799658CBADD5A27DC32D7AE5923A0D06E3C6C1A225CB1B22FA034AD806DEE0C18108CD32D8BCD8D99067E07B848D6DCF2E00005E9CA87016127DE1921D7351EEA84B64C833A81F9368D60AEA69AD48463516132B6C0ABF2829871D0057B4E080E37B96A9A34A25D07B0DA6AB9C9DF043A29B284DB0C4D10505D6D68C4976ED569BAE65722DEDEAD3DC8AA53DFD511D105B3C3AA01DD35159382CB34432AEFA20CA2AE269B00150D18113A873BD5C95772188659733F8784227A4F8E3398D4977B8CBE93A16CCA78F852F2FC30F6351477A9584240BA5865009849D7DEF6985F43604C68C7F80813987D08939F14BCAF1A73F5A51BCCD163EBC66F0F25F5050112D9EE7E8141C0A46AC9083052F1D64A413137D14C89203E1EDD30DC8AE07469C89B8B1C9CE1A4B87DC588D4B050025B311E9C4026DB54CF84414D39E309CF97182623D55B26BD9763A61A464795B619E34D7630A30F015770E0AA5295E8A35845879B367CDD4157690360C7B3D4B5ED18435DE9186DB54335B5438436C0D86AF895D1C676303B11F974FA21B9C46554C5ACBCB5AD8C39BD4079193E2407E09216F56AA2D2F54C8AB01E6A5BD5868363E357C1A5FECD18CF820323720D86963E3C579A19F9987667B34E1BE03BB675A76BCC78469E6E00F66F4EBEAAC2AECBD05052A20B29AAC2742E3F97DFF157E8D2A84F396EA27FF2E6C22F112925DD075CF03130F97C764503BDC58816096C3C89765281687413B28108E38200B685F5EC3090D2FBB342D44D8EC9860A011757A816D0DDD892B7CC33A84A1E775E7B06A2D4850DA2C6F8171AC8880F6649A48465841D390D212309F9A412A2069D67DA11D650B3ED5EF78C96AA977497D1843A7AD3A48CB456ABDB91683646221DAD6E4BC98E667B2FAC8A5EB35F61255982A5A0962DC99EB2225FDB236AAAAD2169D771669AD132949FE005DACCA420A96AE62221261BAFB3156B36CE52500635D28EB1B38334E559C4303284983942B4AAF9BEDAF0010CC08398618ED4E33BA28DD563D9C24D563AD668A3F346E00FBD2343CF1DD0D34ED913D1C9CE9733A223DD407CE9110F05B0CD37AA8AE382475C15C324A3C1A319078F482AA605B005E43D62EA781D60602C837BB8DE9BC37B002C32B69886B1E6809E81600EC59C00EC3286A670BDD105A730FD602D4B0D6F74E1282E0CEFC11DE0E15C993786080B68CB5B3F6174B6AD862BEAA88A8190627A5D4E668C4BE400D737CBD801A6A3A02DAFE19E65B480E55C15869B9AD9D7D6DDDDD447CD5C1C808323CDCCBAA7F6AC58073AA4993A277AA785659DE8A526530FA9CEB8C5AC5AA129FD8D414504791CF7556A908FB11BC33DB823EE54A819A4739B05FBA5709CEDCB2685ABAC4C8EF62518933412A7F5FB04FBA1912D277E8C2A45C0B3614A5E18FC19A1CEA83D1A65EE74DB446626A97D180752D7AA37CB8CCC023DF2745D127DF2C2304AF4C2B300670F2EC98FBDC8FCD1FB9441073BB25719BB0CA35B821A6628FDC86442ECC660287E08AF712879A2F19282BA03FB49C95D6AF725CD0C823DA32CB8DD5FA2043F1EB540E91C7E20E42B5C7EACA7150B9AC3324871933A801EB3E78A856B09841F7EAF58871FADB7CA403A597F73BB814F5A470C77570C7FAEA93C2824CAF2D140283D05DFBAAD545766970067A7005992C4B305B312D3FA01F8896A7B35383DA3A669A78B72C766839A0FA70B92A5BC7B7987E2DB7485E3BC4DB845DB6D943CE55DC9E6CBEC618B96E579F7EF1FE6B3AF9B38C9CFE6CF45B17DBB58E415E9FC68132DB3344FD7C5D132DD2CD02A5DBC393EFEC3E2E464B1A9692C969CFD2E9EA8D39A086B88A21752CBCB5657F83ACAF2F2491AF41995F76C5EAC367236E1445E7146D4D6261CBACBE3D71E16B505CAFFD9B37FE68ACEB2618412CE737A542FFB313474AE491FCB425577B17CC223972465CB8BF75106BC327091C6BB4DA276CE5097FE94E32C41E58DF92C8DEEAB3DA53B94E7BF115DF113CA9F796A7C8A3DC5EEDD4EAE7FF4AB3D25D6CD8EA5A573BF2BE544182CC9CB44828720AB22DCACC0D8CD42A1D0A89A762DE0A82E3A0C1EAF7771FC5EC263F7D59E52F916C487F5BB282B04387209F6F4DA27155852ED370729794E13FC7E57DE9E2B08099BE082ECCA95830735E0DDA1A371BE5A6504263C15FAD181CE1702B9EC5326B487F96C4FAB7E4D8125537FB1A740960B59F37C194B86F96C4F4B7C61802528A63920B4B95C9F0367F3CD8153D57DFF953D20F7564ADC1B2DC76DF6079B76D5671F3653AFAEF430EAAED93393351E97309D7A616E83E1519AA82E8951D3AA24AF7E9D471248E88D2F1D2D6257CB94E847A7364902ED2EC85CA42DA71B7421B893899EC93D2194341ABC38DD05D495E03032ABB840958390DD1DABEA3AC24C0D9CCF2C3F67299D6927C425E8B4120A8C167E401608B4A2320CECD86765592AEC771780ADD12E2E2AA70F254C94995CAC93EE9127653DCA4C7B034DD9F325F4DA8C3A8BF75FA3A9490C83C87EAB6A1535EE1E57969CF6825735BD961BC012804B71A0A815161F2969AC3D256D287D6F6483F1310B25145DCC83BB3468CA0E2306B2F1EE6AB54F69194F041AA35F473FE0F0112EEEE031941F0640CC452A1C11F5FD2A1A287541711C94D4B1726A5A7FDDA1A47E7B9625D57D75D8654EA2A2795A96DB66EE3E3BEC32352F5A735B4C1B2830AE86E794F00E0EECFE901E79474324A2B9F54C4D4BB8BF91D368FAAB1DD534B9578381B5BAF3D660CFB5BF7236490B2C6C48349FEC69702FBFB394B80497318D561039F6FB507B2E130930E4FF184A9681784777B1B621B2FF122E5C74CEE974FD1DE86A9A21F72C19F6CA1A434A74908197CDB64837A214D0AF0EBD8DD05392E691408AF9ECA0374A955532FC2E4689A039F82407B464385F66D1B6F684E600C3A5B8504CB7698E579D8B044F554C75430E8A2F9ECB13A2D6EF4A8490983EAE66BFC725E8A0739EEEBB3DB5E67DEF9BA420CC2AC5234DEE31CAC581D264FB36B57E7055DF5FBFBF9EBBBF9EBB532A93AE65A86377E0254D7BBD42EF958D92C0FEAFD6DDD6B26A83AC62803C2B7009D32E69E4796F8F104E6D8560874DB0BFA9CD0193AAE4BEEE5D5EAACCBBCB7ED61D7B292C873DCD65B11AEEE4D53D5ACDE526BC1B219BE2627D4ADB58CE5B58EE8E8DD30A061376125842547136F692A2A6F0AD49CCB41868E274028F7F2D7EBD075F517C98910FB9B5EE8FA20F996415379F1C7419CE96E59256D48DECF7FDC1211C5F120C9010F9DE1E22463A03419489D9817D92BAB4317D71DFA1BCF1D7E2E9B0DFA7F284398FE3F4379488933AF3D981FFCD78033E075CCA9E09551B0E1656969A6BDAFA8A90AAF8309213D697E5364DC4DD8FE6933D8DBF6124E8F7FA8BE331502914C21603FB7DBA43A59BFC3A4A501CFD038B03C72638EC60B58564E11392F647FAC028C2C0261677AF616F4B4B4F65FF0DAE10CBB6ABF51A572B34E028884F1AFE387A50C44A91A462165A7BF385FEA691A44D1427175E5AF1A00C16ADFA9E3711A56258679D653E238CFA12ADCA90CEDB9787BFC715B28FAA7F09E82B0FB83607817FB4C679F131FD152767F31F8F8EE7B3F33842791D11DC04ACBE15AF66B68A603DF9BE8C60C5ABCD422CEE1E075B52C9F315E757C448776B8F4001A0A77FC12FE208DBDCCB7DBA100B9E02225A5F861A25D0FDD537C90A7F3D9BFF7795FDEDECE6BF1E6F56DFCDAAA5C6DBD9F1EC7FE6B3F7BB38469FCB18E7358A73F90E5965C4695D6DF20565CBE77266B3A8BBBDDAB425F2DDEC26FF94447FDF91E48FD90E97EDB9455F7FC6C953F17C367FF3C30FCEEDE3A355EB36C629A157DDEFDD11ABEEF236D0EAB6746A3A9FD334766E106B823023A5A5C28ABF166D8AB744C6825B35DBFC191315532ABB3B5414645CCB5CB8F13173E4557760A51E382B42DC61554D6B453E159517E55D8697515EA9906367CAEDD995ED500208658FAC7A0811BD0283216410A413F77E36C7613EEDAB480C20E2F48C4D6C9C9AAE8DB43381AE7E6AA35E5EF7070813E31A14BA62A86BFF16B6B14C20052B168981ADB61D95895BEB4A657CE8C1AA4B2ECAD45363025AA9BFF6ED7CB5DC6C135AD0CB44611CEF83CA0F75C30F4AD55F1AB9735D37863345552CF790389780CF83154245B0682FE0ABAE0DAFA93FD6C974A04EA0B9D55F930FD5DC37019ACB8550356248646F83624E0A4F7E24E34CD6EB24F94D2853DB183B7AB0086637DE83F0148299221475A0FA9421A9E362461FDA79B080512C691DD6069E333C1753EAD602A6A89F91C145A17616813B21854CACE31439DBD550A4A9829C0FAE15419A070B68D68206979327C7BD0C3BDE0C0D6F823A53B41E614D24E5C18E32E3E3E9B865DA16F4D318DDC1875BF5B4A057F55DE067FF950613F139D0C4DD1E448E3B4F834196078B732694CB0D68B4A017D084D84E4703812D6CBF24552E8A87D8461B74B96D375FD581477EDB94DCC1FF40E2CC86980E5485EBFE89B552308568BEEA877EE0152243DD9AC015F6D10F13EF514AC1A761F7146924AA9F8A60C2503D750D1F7FEA478C8F3CF5A525C69B7A720CCB31A67E1483E87A36C0B4FF518B4C57135BEAD7E0A1B5FA37A2CA5F0FCC039E72F7C56A90F368D7B50A183679B0389E78693EB815CC04727E8B6B9191A00F46571E2CE6C3E8ED70A6101BA2E908255AD20B497C4CA787CBDDB05B543DBC025D110E4745BE22BD17D25D990F44251E2CE727DE73360DBC8D5A6AC2223DCC47261C720A97016D30E137E4192E4628F61F315F074A362E71A04960049F09268471A8AD532EAAD1C3307594082836F06055ECE4CE104D68627F71A90313FB976703120742EA1867155CE0A287F529842BF6DF6E73355CD4417E072B5C13DB2FC32E2484A8C321360606D3ECCC3396ED74D5C476294292BAA734BBE766EB7655CF7E761FAB35E0368E96A456C260A9A31DA136D48EA543BFF1648E8F8E644A04F9382B8189E28B34C98B0C457220268140B28CB628165B2F64B494A892A394A4987289B7E5666952081DEC5F15A52888B5A9EBDC3BA58671EF4EE454AFB7F71D7C70D498F167023A380CB0DF798ABF3B4010681F4593ABD3DEF2363A229AD3D21194C12B1880EA34B7268F020543A080D9A75E7CD09ACFCB0E34986E8F1F43AC0A5B9329EB2028B37B002B38E09C1F81935B60F99ADA2878141DF247B456A4580088609778F0AACAE2652CB94EDD7D3DA300847AB63F2ADE0A6346B4F382678792F97A58E0D0BDDAB41FE8D03E25360A3C9AE3E6D086AE0E1AAD6F324B877E3B782DA17E18671F2D5BD925F4511D55EE659B1A963E806F2A4B184A1E042AAEF6A8275AAC9E5E916B35BC45321574465B1BED0B5AC6542C3DA132F582098009ECB1288D2E34A4870812F59B1BFB8211CD5349A31A21EAC88480A36A9888C6B74E7A0EDA88768AE171BB5131A27BA8B3DF305AA0A1891A0588B5298320C3658CC2C041F9502950A1FA8191510131D26C32995ED83765B0279345E3823CC1C2B57554079040930EDEDA343E86B48FAB59011A7010F45073C464B0187F967041C5D4D344E337F1A8F040668E63044F65EE28464CB34747EBE20F901BEA60C5F8944D705CA8DF9702D484E6E1A431115179453FC21118BD86CF02055C24004BAB4918120F23E240F58A0E7094A6BE3B7DCC19A3367BC702C3B48B8A11E1E0BEA8981A0FAC3BEF8847A99C17B1EC03D0261CBC55697888650F8F4F3940E8031F3C87F3447A68E3437289635CE059199E55FA365EA07C8956B2ABE48254AD6F8BD872B951528EA1FC0D9D31100473E687B4F6C80311707F1ED950E13CAF01927CFAA1CF53762FD34C3D5B5DF16FA0B4E6B4F85E898490E65915DEAB793EBBA26ED0A2A771FDE2C9D97CF53925635F7B523789D20B4D12FD6EFA932AE892A01ADA547315DC29B3DC0D3615EC4A97C15C97C9354EAADE54006A91BE8CB991A0A7A0D4323017D41C20A3FDB8773E3DCAF1EFB2E870D0B92B99AA661C94A43A9934A8329A6CAE45B0CDA59A8474A836E1ECC2B246755DDA5ACCF4A1B332A92A281354AB9CCFBA01EA5AB5555933906EBFA9F8483368D8499F9B370A633BE9CA02D8A6804247EF6BB2A3DFED45A9EAE97268EA639E52B6ACB8D9AA50D5DA246BAA6C5EEEB5536A9259AA506B523EB562939E6CB56B496BB52B1AD026ABEB6D5FB5B4E4336F62A9D8CDE7D2705D78D44F6C04637348B642B7109E31D978AB41B158562C976997D98F92090504463105E9377131C477C5A69B60C00FD457736450A80ECB264EDD69F67BD08EB7BE5B866E832E5E07D5E91E111C004F7CE34080353A68BF310FD00AE91A46DA19AD156953566F76AB031400AE5A463304C29BCA64E5287489DEAC805CF10126183DF6B94E48C66FD57AE6EB1E3140763607BA6FF0480F34F6826D5D15A4DFBC3B6A70AB067AEDE288EDAB34B9F2EA454045064A1E823D9AE9C7D6D1381032F68421740564C51085AF10E40625F765EFD801F9836A3485C67332644746D41F0A67470D0F746E917D1BAE3BB4944BB729C13AAF9100ADEF5F10D88F32BEB20F9BBAAF067FB7B0D3A2B063C2F69E26856602E5AE91050A87A770201FA5FB926312D071BDF3127470236E0BD5EB07314DC30261FB8A2D1FAED3BCEF8DBAE31A1F9DBE8D86CA715B5A6CE1262114D405371335D275FE28413A3E9E36873D2AA02137BB5E045272D07E1EB3CE6E13C2765DDAA03470C07060EDDB1D1B1F0189949423943E004FBAD56AC17C301E523B401BB12C0D3EDD9A25ED4554F44097A69D2EEA7DDCE603F949481345749BAE709C575F4F17F7BBA4BCFBAAFE7559BD3E4D499C129A095E7207C834CF4DB24EDBA36CA1456D16F13E3EA20B56A840E75911ADD1B220C94B9CE751F2349FFD82E25D258C9FF1EA26F9B02BB6BB8274196F3EC71C33CAF3705DFDA70BA9CDA71FAABB71F3105D20CD8CCAEBC23E24EF7651BCA2EDBE062E085390280FDA9B8BE0CAB12CCA0BE19E5E28A5F7696249A8611FF50FF88889D222C4F20FC9032A6F61766FDBA71CFF8C9FD0F2857CFF1255D7CBAA8898078267FB69F9644A86367943A32B4F7E120CAF365FFFF82FD301920DF6700100, '6.5.2');
INSERT INTO `__migrationhistory` (`MigrationId`, `ContextKey`, `Model`, `ProductVersion`) VALUES ('202607061418251_AutomaticMigration', 'ClinicManagement.DataAccess.Migrations.Configuration', 0x1F8B0800000000000400ED5DCD6EE43892BE2FB0EF90C8E3A0C769576D033D057B062EDB356D4CBBCA6357F5EE9C0C5626D3164629E548CA6A7B16FB647BD847DA575852BFFC09FE899494596BF8E214C92019FC22182423C8FFFDEFFF39FDD3F3269E7DC3591EA5C9D9FCE4E8783EC3C9325D45C9E3D97C57AC7FFFD3FC4F7FFCD77F39BD5A6D9E67BF36F9DED27CA464929FCD9F8A62FB6EB1C8974F7883F2A34DB4CCD23C5D1747CB74B340AB74F1E6F8F80F8B9393052624E684D66C767AB74B8A6883CB1FE4E7459A2CF1B6D8A1F8265DE138AFBF9394FB92EAEC23DAE07C8B96F86C7E114749B4BC41097AC41B9C144797A840E7CB25CEF3F9EC3C8E1069D23D8ED7F3194A92B4400569F0BB2F39BE2FB23479BCDF920F28FEFCB2C524DF1AC539AE3BF2AECB6EDBA7E337B44F8BAE60436AB9CB8B74E348F0E46DCDA48558BC17ABE72D13091BAF08BB8B17DAEB92956773C2B0948CC17C26D6F5EE22CE683E80D11769868FEA823FCCC0E41F5A881024D13F926F1717BB0C9F2578576428FE6176BBFB1A47CBBFE097CFE9DF717296ECE2986D2B692D49E33E904FB759BAC559F17287D7750FAE57F3D9822FB7100BB6C5983255E7AE93E2ED9BF9EC23A91C7D8D710B8585B63C81519690FF1A2A0453444EE6B31BF4FC0B4E1E8BA7B3F99B1F7F9CCF3E44CF78D57CA9297F21DC22E03E9B17D90E3BD77C8BF2FCB7345BFD8CF2274DEDE45FABDAF5955DE7E7CB22FAD676F37D9AC61825BD1B7D87735C94A33D4AF3E56AAF9EB75186F3F3A2A99BE80CFC39DA18495D6DB671FA82B133703EA26FD16329500A8AF3D91D8ECB0CF953B4AD5456235C0F5DA60F59BAB94BE34E62DBB487FB74972DE918A58A0C9F51F6880BBE69A78B4E15681544D704570DD194FC5E5504C389FB8274E8CF38C119C1D3EA161505D10F94062ED96942D70742FAA35E9DD84A84A36452FC7F5ABF8FB2E2491609475AA4FF2B9CB57DA0386E3EB9EA8BA734C11F779BAF0C39992527C74370E46A83A2787CBD7EBE5A65A5E5E25DB1A19E6FC44ACABE64BA2E86D1BE5419716068F44195E0C89F7BD2EA8242D31BA6C4C624CA6559108AC52EE75A2826B90A137ECC30DFE7F3255A61629E35490696E13C7A4C4A950277D5767269AD3ADFB9A5993A94734B33F9F49A5BCEB7DB344A0A3A25F43040BBC2AF338CD9142A2292739A49C64E9D0F35C35106E585AFC55FEA9F4A083DF5CF55B20A4207D05F8C48F454611719A6F87AFF22F1CB56F5B41460E5D3B5F081C9C9682028836CE282B9203B57D7D41A1AC686B6F9E066D6C9DA463679BC4CF19A483597DCA318652F17295EAFA365D44B83EAE9BD2A55A304D62C4BD6D1E32E2B49FAAA190B13C2D9DC611052AB1CBC8C36885880B719F9AFDEF0FB693EBB5F224AD667550BB004142F3DF41E40329DF4B9979684B307092FD9057BE42AB0009157293509C0CF64E4E3973BD69EF6C6BF24B56B44B87BFF14AD8B41E44D5A27D05D72428720785CF9E6C486A93ADF0F2917972B1E8AC26BB38C9E56AC76B1C7A65943E155BE07DB9A15E8FC7B9AFDBD9460EFA5423D7441762B543AE59E2C9F628B1DF072D9A7293FCCFEB5886270B34199499AACD5395D4DFE7690C166B7A90F4D4D39DB602059D238501E2F95C2B4D85597B4455F958849500C1B2327C783EC354B9B0A213614EC68A82DF80EF961244414669D14F59290EBE45B1A2DF1252ECA9D7B5729E18ABF4A8AF14CB86297F72489B36F01C8FC7587EA567B1DE72751719B45CBE15608E79B6A3F7E7003BD1E1E5078EBB4070EF19CFCC239A4494E910D9AE7B4AAA6C280AEAD15E98736A7D4543E83A46CE05C21D44D6F45F3AA622CAD565FDD70F58C3651026FCB59ED8287396E54EEA83B12FA981658773E1CE6D4F63319C338B4B692C6375A0D5C057038528B9FEDC148CF038E463582871B52A24A5F791C6A30A8D73690CB27379149563692CDE3DA4C710E0A395DA9DAAB98D56C9B5CAB256D5BDB3C7223EB2465EB9A74F766BD6C943B7035F13ACF433B7749CD1372A8A67C319BD7D2B6EE318744D74955A6F13ABF8E34BF32E79B8EF36BA0337966D0C3ECB5BD6CB6047CC34FB297117A4CD23C1A613AA7F3081DA1DB98FAED0EED709BE17C9945DB4A9407AF2CDDA6395ED546FD08A346D888E28B27EA88D6CC450357398ECD7787A92459799C09252B1D9B11F1258340853A4DEE30CA47187DC0C063D481B791C779A601F3AA3CED3C7045BAF9559F53B2060CD943BAB80055019E2EEA5C366DD7F9BDF4B5B5806A00B34B9DCBA6DD3A63CCD5BEE96DD4BC5A32AF8EF3DF8FE37C18BD3F8C9FBCEBE65FBD0CEABD0758977F15F0914E1B06DFD02A8773FFF60BC38793F86D8B35DB07BADD31298F6AC744CED873132AECCE89A1B5E2064B3F6FC2E63CC4D983B02AF8AA783C1D02060B56186FFD7C41F8F29866DE7AE63ABF211889C892EBB1E558EF40E1410F617B8733AB955ECD43508334A78D5DA64E77886992D69032B8EAB6723CE04DE19A7699033A5A85D2A50D613093D776704DA463574FE5D610785572FF0F959CC9D9402B1176A2AA900459967DA4A056A73D45A02CFD8AFF919C90028991BE924F19B347D0AF9DB798C03261E7E921238134CE3DBD2620C50C09CF521E313A1FD26CB38BD17D82B6F953DA638D0F92F95E85D12642EE0E2FD36CE54B2BEC7D02EF515E07840C666E8E1078741EC7E96F2819D0666EF0DB6F6FC3102758010356114C860749241955A1C927CFD4BACC7EB336D79F7E1AA32AFDBD2A8AFD0BF8B949936EF3BE1F89BF61E4392797FE765453E48389F0182E7DD7F987284171F44FBCF2DD036809F95D81A28D4FE21401149B0466904D103097EB4A5DD26E43A9436DF355BAD36711536EE7FC1C1165E8B19C6789BC2AC7919634C36EC45DADD7B8DC890B796212DA4231AF5F58646A96315036D56A06CCEB268ABB0D2388CD3932D1CF317AEC6E3A7595C58A4E60F1230B6042347E210B6616ABFC00DD607A9ADDFA1B5153FF5714EFC88F136930B9BC1FF086CD2D3B2572B93F154F944F75E6B732B32BB66A58CD2F477C19CE52DB03B6976E5E2D7B8EF5BC6CBD88EC068ABDCD40355C5623205EDFE63B063CBDC94781064E967B4BB66CA597C9517BCC83A5E2E533BE2CE5E94DCED28F6982AD519D2E8956B6E5FE0DCA0B46620CDAE7F6E952A57BC4ACE7799E2E2332BF91F96A8DC98FAE927F33542215F8B10F22E43BC6BC4121929C1C17B764BA7310B58B94686B5CA8654D2A40F76CE29829D067C611229A7C8781237768434063CAC6E53EE06EEC3DE98B24271F85CB0CADAD2772660BC065CA69341AE94F3BEB085794F2955E25AB99E92EEC6E9BB8BD0BB57453D812A610B39968FBA323B93B1ACAED5EA2BC012D9296E992F523CEA85584626254E4648488BE93179B51B28CB6283634412867B94CA5DC6F6B10532EF1961AF84961E06BFFAADB1A84B5B38933A70B061E06D480774B2A07587FD124831FD6AF9F1FE8DFE900A4BDA2D202452040FB0149D79431D0A463B54DFD9C4FE4E4D86A963736232F854A04C595185D31A26E52B7626440091CB6A99D093F9C044C3DAEC553A1C1E726CC0E2CA68B65EDD1E973675FD71EF062C04170DCBFBD23C0BCFFE0DA344E717BED2412A1BE2F4E05348BCBE36465D85DCB688F68F3DD73E3695D635B4600A591F1366D608F7027011C748F990A01DA4BCDBAB1672EEA330DBE9EB60657F600EE852F4D4F474096861736B573F7774E022AF9EE17D5B06B2E82E906BD0D39B15756EAEB63C65352CA368C0021255F0F639561882A578DBA6D88790701E8E6157B9459C6A8DBAD75C22D73ED9A35020AEDC6C3A621C2152BFB024AD30AD8E6CE8001C138DDB2D8DC9869E077808B64CD2D0F0E5090AE7C181076E29D11725DE3A14E68CB34A813986FD308E66AAA494D38161526630BBC2A2F8819075DB0E784E07093ABA64923DA7500ABAD969BFC4DA093224BB8CDD00401D5D586467CE9569DA66B7E25E2CDDDDA83AC3AF55D1D115D303BAC1AD05D533129B84C33A4F22ECA20EA6AB20950D18011A173B8539D7C2587619835F77348286AEFC9710693FA728FD17732944D190F5F4A9E1FC6BE86E22E154B084817AB0C0033E9DADB1EF36B088C09ED181F6102B30F61F29382F75563AEBE7483397A6CDCF8EDA1A4BE204022DBDD2F300898542D1901462ADE5A2928E6269A2911C4C7A31B865B119C2E0D797D9183339C14B7AF18911A164A602BC68313C8649BEA9930A829673CE1F912C364A47ACBA4F772CC54C3E8A8D23663BCC90E66F421E00A0E5C55AA127D14ABE870D384AF3BE82A6D00EC7896BAB61D63A82B1DA3AD76A8A67688D006185B0DBF32DAD80E6627229F4E3F2597984655CCE8AD6D34E6F402E5347C480EC0252DEAD544A5EB9914613DD4B6AA0D07C7C6AF824BFD9B319E050746E41A0C2D7D78AE3433F231EDCE669D36C0776CEB4ED798F18C3CDD00ECDF9C7C55865DD3D05052A20B292AC3742EBFD2EFF819BA34EA4B8EEBE89FBCBEF04B440AA57B8F0B3E06269FCFAEDA406F31A245021B4FA29954201ADD846C20C2B820806D613D3B0CA4F4FEAC10759363B2A142C0C515AA057437B6E42DF30CAA92C79DD79E8168EBC2065163FC0B0D64C407B32452C232C28E9C869091847C52095183CE33ED086BA8D976AF7B464BD5CB7697D184BAF6A64919698D56B723516F8C443A5ADD96921DCDE65E5815BD7ABFC24AB2044B412D5B923D6545BEB247D4541B43D2AEE3CC34A365283FC10BB499494152D5CC45424C365E672BD66C9CA5A00C6A6C3BC6CE0ED2946711C3C81062E608D1AAE6FB6AC30730000F628639528FEF8836568F650B3759E958A38DCE1B813FED1D197AEE809E76CA9E884E76BE9C111DE906E24B8F7828806DBE51551C173CE2AA1826190D1ECD38784452312D802D20EF1153C7EB00036319DCC3F5DE1CDE036091B1C5348C3507F40C047328E6046097313485EB8D2E3885E9076B596A78A30B477161780FEE000FE7CABC314458405BDEFA09A3B36D355C5147550C8414D3EB7232635C2207B8BE59C60E301D056D790DF72CA3052CE7AA30DCD4CCBEB6EEEEA63E6AE6E2001C1C6966D63DB567C53AD021CDD439D13B2D2CEB442F35997A4875C62D66D50A4DE96F0C2A22C8E3B8AF52837C8CDD18EEC11D71A742CD209DDB2CD82F85E36C5F36295C6565726D5F82314923715ABF4FB01F1AD972E2C7A852043C1BA6E485C19F11EA8CDAA351E64EB74D646692DA87712075AD7AB3CCC82CD0234FD725D1272F0CA3442F3C0B70F6E092FCD88BCC1FBD4F1974B0237B95B1CBB0764B50C30CA51F994C88DD180CC50FE1350E254F345E525077603F29B94BCDBEA49941B0679405B7FB4B94E0C7A316289DC30F847C85CB8FF5B46241735806296E5207D063F65CB1702D81F0C3EF15EBF0A3F556194827EB6F6E37F049EB88E1EE8AE1CF3595078544593E1A08A5A7E05BB795EACAEC12E0EC14204B9278B66056625A3F003F516DAE066FCFA8DBB4D305DDB1D9A0FAC3E98264A1772FEF507C93AE709C37093768BB8D92C7BC2B597F99DD6FD1929E77FFFE7E3E7BDEC4497E367F2A8AEDBBC5222F49E7479B6899A579BA2E8E96E9668156E9E2CDF1F11F1627278B4D4563B1E4EC77F144BDAD89B086287A21955EB6BAC21FA22CA74FD2A0AF88DEB379B1DAC8D9841379C51951539B70E82E8F5F7358D414A0FFB367FFCC159DB4618412CEF3F6A85EF663A8E97C207DA485CAEE62F984472E49CAD28BF75106BC327091C6BB4DA276CE5097FE92E32C41F4C67C9646F7D59ED22DCAF3DF88AEF819E54F3C353EC59E62F76E27D7BFF6AB7BDBEE708E8BF26254752BC53C3EB55C3D6FA30CE7E785A92A26A37D7DACF3204B5EE75448A55F80A0E43B23815ED040A21059895837B78692319531612164EAA2C348D9875D1C7F94A4ACFB6A4F89BE70F169FD3ECA0A01BE5C823DBDE6A1089654F3CD01F94F69823FEEE89DC002D2D9041764970E2A3CA8019F151D8DF3D58A4854CE53693F3AD0F94620977DC984F6309FED69556F44B064AA2FF614C82228AB1F6563C9309FED6989EF26B004C5340784D64F0670E0ACBF3970AA7CC5A0B472E4DE4A897BA3E5B8238C60C684FA44C7C6A0D0951E46DDD53B81B2C6E312A6532FCC1D373C4A13D5D5376A5AA5E4556F0E490209BD5CA6A345560B32A5F6A3539B24817617642E7E98D30DBAC0E2C944CFE474114A1A0DBEA9EE02EA4A701899555C0BCB41C8EEE658751D61A606CE13989FB3942EC213E21274C50905460BEF260B045A51190676EC63B92C15F6BB0BC0D6681717A52B8B1226CA4C2ED649F77495B21E65A6BD81A6ECCF137A6DD6BAC0F75FA3A9490C83C87EAB6A1535EE765A969CF6DA5A35BD861BC012804B71A0A815161F29A9AD3D256D287D6F6483F19C0B25145D2487BB3468CA0E2306B2F1EE6AB54F69194F041AA3B74A3FE0F0713BEEE031941F0640CCF5301C11F5AD311A2875A17E1C94D411806A5A7FDDA1A47A519725D57D75D83B4FA2A27E3097DB3CEF3E3BEC32D5EF74735B4C1B28DCAF82E794F00E0EECFE901E79474324A2B9CB4D4D4BB89592D368FA0B2BD534B9B79081B5BAF3D660CFB5BF7236490B2C6C48D49FEC6970EFD9B394B80497318D561039F6FB507B2E130930E4D5194A9681284E77B1B621B2FF122E5CDFCEE974FDCDEE6A9A21F72C19F6CA1A434A74908197CDB64837A214B45F1D7A1BA1C724CD238114F3D9416F509545197E1BA344D01C7C92035A329C2FB3685BF9777380E1525C28A6DB34C7ABCEF183A72AA6BA2107C5174FF484A8F126132124A68FABD9EF30051D74CED37DB7A756BF5A7E9D148459543CD2E40EA35C1C284DB6EF53EB0757F5FDF5FBEBB9FBEBB97B4B65D2B54CEBAE1E7849D35C1AD17B65A324B0FFAB75B7B5ACDA202B1920CF0A5CC2B44B1A79DEDB2384B7B642B0C326D88BD6E6804955725FF72E2F55E6DD653FEB8EBDEA96C39EE60A5C0D77F2F276B0FACA16DE39924D71B13EA56D2CE72D2C7777CD69058309A6092C21AAE8217B495153F8DE24665A0CD4D14781C7BF12BFDE83AF283ECCC887DC5AF747D1A74CB28AEB4F0EBA0C674BBAA4157523FB7D7F700847CD04032444BEB7878891CE4010652291609FA42E6D4C5FDCF728AFFDB5783AECF7A93C61CEE338FD0D25E2A4CE7C76E07F3DDE80CF0197B26742D504B98595A5FAF2B9BE22A42A3E8CE484F565B9491371F7A3FE644FE36F1809FABDFAE2780C448542D86260BF4F77A8749D7F88121447FFC4E2C0B1090E3B584D2159F884A4FD913E303632B089C5DDD6D8DBD2D253D97F832BC4B2ED6ABDC6E50A0D380AE293863F8E1E14B1527CAC98A5ADBDFED2FE6EE363EBD8542E68B6E4010D812DFB9ED771B262B06A95653E238CFA16AD68A0EACDCBFD3FE212D947E5BF04F4A5075C9383C03F5AE3BC8A0F3C9BFF74743C9F9DC711CAAB38E73A0CF79D78E1B4555CEEC95B1A978B579B8558DC3DBA9752C9F315E757C44877638F4061ADA77FC12FE2083748D2DD367EBA100B9E02225A5DF11A25D0ADDCD7C90A3F9FCDFFB3CCFE6E76FD1F0FD7AB1F66E552E3DDEC78F65FF3D9C75D1CA3AF34727B8DE25CBE1957F4056A2366AB6A936F285B3ED199CDA2EEE6C2D686C80FB3EBFC4B12FD6347923F673B4CDB73839E7FC1C963F174367FF3E38FCEEDE36370AB36C629A157DE5ADE112B6F2837D0EAB6742A3A5FD334EEDD2031DCD6AF69DAC8DA8AF48AE89EA2741BBCCDF032CA4B993976AD88B5A018A06999C06A2FADB0281E78194B5ACAC9F2CF986848AAAB6F51511058D25CB87691731CEAEEBC4D3DB85684B8B336DBD1B4A2DC1CBDD90E25803CF6C4AD870E68EF25610819F4C0897B3FEBD33C9FF6952406D050ED11A1D838355D1B4165E274FD544BB53BD01F204C886E50E88A91BAFD5BD884628114AC5824C6E5F6D7B8D6BA5219DE7AB0EA920B92F5D4988056EAAF7D3B573337D3AA2DE8656131710341E5A78D22084AD55F1AB9636937863345552CF790389778D583154245AC6B2FE0ABEE72AFA83F54C9ED409D4073ABBF261FAAB96F0234978B00ABC590C8DE06C59C149EFC44C6798928D937A14C6D63E8EBC122983D3708C25308668A48DA81EA5346D48E8B197D64EAC10246B1A475581B78CEF05C48AC5B0B98A27E46061744DB5904EE841432B18E53D46357430E945590F3C1B522C6F46001CD5AD0E072F2E4B89761C79BA1E14D50678AD623AC09043DD851665C541D777C9B827E1AA33BB771ABBE2DE8557D17B7DA7FA5C104AC0E347137E7A8E3CED3608CE8C1E29C894473035A5BD00B684268AAA381C016B65F922A17C5436CA30DBADCB69BAFAAB829BF6D4ACE6F61207166236407AAC275FFC45A2998224C5FF5433FF00A81AD6E4DE00AFBE88789F728A5D8D9B07B8A6D20AD9F8A60A2683D750D1F3EEB7974CB05CEFAD212C3653D3986E510593F8A41743D1B1F1BF2705B131AEBD7E0A1B5FA77A2CA5F0FCC039E72F7C56A90F368D7B50A18F579B0389E78693EB815CCC4A17E8F6B9191A00F06871E2CE6C3E8ED70A6101B61EA08A5B6A41792F890541F8FC141B7A87A3835BA221C0EEA7C457A2FA4BB321F08AA3C58CE4FBCE76C1A781BB55447757A988F4C34E7142E03DA58C8EFC8B15D0CB0EC3F62BE0E946C58E54093C0083E134C04E6505BA75C50A68761EA28115068E3C1AAD8C99D21EAC8CAFEE252C555F62FCFC6530E84D431CE2AB8B84B0FEB5388B6ECBFDDE66AB8A863140F56B826B65F865D48084193436C0C0CA6D999B7459BE9AA0E4D53842475EF9B766F0057ED2ADF62ED3E966BC06D1C2D49AD84C152473B424DA4204BA7FDC693393E3A922911E4E38C0213C517699217198AE43852028164196D512CB65EC868295194A32D4931E5126FE9666952081DEC5F554B51106B53D7B9C7630DE3DE9DC8757B4A61061F1C3566FC99800E0E03EC779EE2EF0E1004DA37DDE4EAB497D48D8E88FAB4740465F00A06A03ACDA5CFA340C1102860F6A9175F19E7F3B2030DA6DBE3C710ABC2D664CA3A08CAECDEEF0A0E38E737ECE416583E06370A1E4587FC11AD1529160022D8251EBCAAB278D84BAE5377DDD02800693DDB1F144F9D3123DA79C1B343C97C3D2C70E81E9DDA0F74685F421B051EF57173684357078DC63799A5D37E3B782DA17ED7671F2D5BD925F4411D55EE659B1A963E806F2A4B184A1E042AAEF6A8275AAC5E8E916B353CA5321574465B1BED0B5AC6542C3DA132F582098009ECB1288D2E34A4870812F59321FB8211CD4B4FA31A21EAC88480A36A9888C6B74E7A0EDA88768AE16DBE5131A27B67B4DF305AA0A18E1A058835298320C3658CC2C041F9CE2A50A1FA7D94510131D26C32995ED83765B0279345ED823CC1C2B571540790D0261DBCB5697CCB691F57B30234E020E8A1E688C96031FE2CE1828AA9A789DA6FE241E181CC1CC7089ECADC518C98668F8EC6C51F2037D4C18AF1259EE0B8503F8F05A809CDBB4F6322A2F48A7E8023307A0D9F050AB8480096569D30241E46C481EA1120E0284D7DF5FB98334665F68E058669171523C2C17D5131351E5877DE118F52392F62D907A0493878ABD2F08ECC1E1E9F7280D0073E780EE789F44EC8A7E412C7B8C0331A9E457D1B2F50BE442BD9557241AAD6B7456CB9DC2829C750FE86CE18088239F33B607BE48108B83F8F6CA8709ED700493EFDD0E729BB8775A69EADAEF8275C1A735A7C6E454248FD2A0CEFD53C9F5DB56ED0A2A771F560CBD97CF53525635F7952D789D2035312FD6EFA932AE892A01A9A547315DC29B3DC0D3615EC4A97C15C97C9354EAADE54006A91BE8CB991A0A7A0D4323017D41C20A3FDB8773E3DCAF1EFB2E870D0B92B99AA661C94A43A9934A8B236D95C8B609B4B3509E9506DC2D985658DEABAB4B598E943676552555026A856399F7503D4B56AABB26660BBFDA6E2639B41C3CE3A8F85303693AE2C804D0A2874ED7D4D76F4BBBD28553D5D0E4D7DCC4BD09615D75B15AA5AEB644D95F5C3C3764A4D324B156A4DCAA7566CD28BB3762D69AC7645039A6475BDCDA39C967CE64D2C15BBF95C1AAE0B6F128A8D606C0EC956E816C233261B6F352816CB8AE572DB65F6A364420181514CC1F69BB818E2BB62D34D30E007EAAB39322854876513A7EA34FB3D68C71BDF2D43B74117AF83EA748F080E8027BE7120C01A1DB4DF98F77385740D23ED8CD692B429AB37BBD5010A00572DA31902E14D65B27214BA446F5640AEF800138C1EFB5C2724E3B76C3DF3758F18203B9B03DD3778A4071A7BC1B62E0BB6DFBC3B6A70AB067AEDE288EDAB34B9F2EA454049064A1E823D9AE9C7D6D1381032F68421ED0AC88A210A5F21C80D4AEECBDEB103F207D5680A8DE764C88E8CA83F14CE8E1A1EE8DC22FB365C776829976E5282755E23015ADFBF20B01F657C651F36755F0DFE6E61A74561C784ED7D9B149A092D778D2C50383C8503F928DD971C93808EEB9D97A0831B715BA85A3F88691A1608DB576CF9709DE67D6FD41DD7F8E8F46D34548EDBD2620BD709A1A02EB899A891AEF34709D2F1F1B439EC51010DB9D9F522909283F6F39875769310B6EBD206A5810386036BDFEED8F80848A4A41CA1F40178D2AD560BE683F190DA01DA886569F0E9D62C692EA26A0F74DBB4D345B58F5B7F203F0969A2886ED2158EF3F2EBE9E26E97D0BBAFAA5F97E5EBD32D89534233C14BEE00B9CD739DACD3E6285B68519345BC8F8FE882152AD07956446BB42C48F212E779943CCE67BFA278570AE357BCBA4E3EED8AEDAE205DC69BAF31C70C7A1EAEABFF7421B5F9F45379376E1EA20BA49911BD2EEC53F27E17C5ABB6DD1F800BC21424E8417B7D111C1DCB825E08F7F8D252FA982696846AF6B5FE019F31515A8458FE29B947F41666F7B67DC9F12FF8112D5FC8F76F5179BDAC8A88792078B69FD2275332B4C96B1A5D79F2936078B579FEE3FF01322B91714D730100, '6.5.2');

INSERT INTO `accounts` (`Id`, `Username`, `PasswordHash`, `IsActive`, `EmployeeId`, `PasswordResetTokenHash`, `PasswordResetTokenExpiresAt`) VALUES (1, 'admin@clinic.com', '$2a$11$MOA8ABYDKVAsxAPhZQ/l2OE1TkSJznSWUx4aAqwx/jC6QU3BGe0fm', 1, 1, NULL, NULL);
INSERT INTO `accounts` (`Id`, `Username`, `PasswordHash`, `IsActive`, `EmployeeId`, `PasswordResetTokenHash`, `PasswordResetTokenExpiresAt`) VALUES (3, 'dentist@clinic.com', '$2a$11$MOA8ABYDKVAsxAPhZQ/l2OE1TkSJznSWUx4aAqwx/jC6QU3BGe0fm', 1, 3, NULL, NULL);
INSERT INTO `accounts` (`Id`, `Username`, `PasswordHash`, `IsActive`, `EmployeeId`, `PasswordResetTokenHash`, `PasswordResetTokenExpiresAt`) VALUES (4, 'receptionist@clinic.com', '$2a$11$MOA8ABYDKVAsxAPhZQ/l2OE1TkSJznSWUx4aAqwx/jC6QU3BGe0fm', 1, 4, NULL, NULL);
INSERT INTO `accounts` (`Id`, `Username`, `PasswordHash`, `IsActive`, `EmployeeId`, `PasswordResetTokenHash`, `PasswordResetTokenExpiresAt`) VALUES (5, 'thingngu@clinic.com', '$2a$11$pyLyIEVipIUvCOqxIjiUlOZ8lvPlyEH9jkPvkj6Dr07R7mxNzEeBG', 1, 0, NULL, NULL);
INSERT INTO `accounts` (`Id`, `Username`, `PasswordHash`, `IsActive`, `EmployeeId`, `PasswordResetTokenHash`, `PasswordResetTokenExpiresAt`) VALUES (6, 'mail1@gmail.com.vn', '$2a$11$YvKk/zwk4ivFA/BzyjIul.Eyl.i0WH1raQ87ita.D7Bq6KKoUAn2.', 1, 0, NULL, NULL);
INSERT INTO `accounts` (`Id`, `Username`, `PasswordHash`, `IsActive`, `EmployeeId`, `PasswordResetTokenHash`, `PasswordResetTokenExpiresAt`) VALUES (7, 'dentist2@clinic.com', '$2a$11$MOA8ABYDKVAsxAPhZQ/l2OE1TkSJznSWUx4aAqwx/jC6QU3BGe0fm', 1, 7, NULL, NULL);
INSERT INTO `accounts` (`Id`, `Username`, `PasswordHash`, `IsActive`, `EmployeeId`, `PasswordResetTokenHash`, `PasswordResetTokenExpiresAt`) VALUES (8, 'dentist3@clinic.com', '$2a$11$MOA8ABYDKVAsxAPhZQ/l2OE1TkSJznSWUx4aAqwx/jC6QU3BGe0fm', 1, 8, NULL, NULL);
INSERT INTO `accounts` (`Id`, `Username`, `PasswordHash`, `IsActive`, `EmployeeId`, `PasswordResetTokenHash`, `PasswordResetTokenExpiresAt`) VALUES (9, 'dentist4@clinic.com', '$2a$11$MOA8ABYDKVAsxAPhZQ/l2OE1TkSJznSWUx4aAqwx/jC6QU3BGe0fm', 1, 9, NULL, NULL);
INSERT INTO `accounts` (`Id`, `Username`, `PasswordHash`, `IsActive`, `EmployeeId`, `PasswordResetTokenHash`, `PasswordResetTokenExpiresAt`) VALUES (10, 'e2euitest20260707@clinic.com', '$2a$11$DvKC.rjVkt7lmjpLCTgZZ.Nsu76Tx/l4olGl4PTgrHaImRPJuSkWe', 1, 0, NULL, NULL);

INSERT INTO `appointments` (`Id`, `PatientName`, `PhoneNumber`, `DentistId`, `StartTime`, `EndTime`, `Status`, `Notes`, `CreatedById`) VALUES (1, 'Bệnh nhân Lê Văn C', '0999888777', 3, '2026-07-06 09:00:00', '2026-07-06 10:00:00', 1, 'Nhắc bệnh nhân đến trước 10 phút để xác nhận thông tin.', 4);
INSERT INTO `appointments` (`Id`, `PatientName`, `PhoneNumber`, `DentistId`, `StartTime`, `EndTime`, `Status`, `Notes`, `CreatedById`) VALUES (2, 'Bệnh nhân Phạm Thị D', '0888777666', 3, '2026-07-06 11:00:00', '2026-07-06 12:00:00', 2, 'Đã hoàn thành lịch hẹn, chờ tạo hồ sơ điều trị nếu cần.', 4);
INSERT INTO `appointments` (`Id`, `PatientName`, `PhoneNumber`, `DentistId`, `StartTime`, `EndTime`, `Status`, `Notes`, `CreatedById`) VALUES (3, 'Smoke Test Patient', '0123456799', 3, '2026-07-07 10:00:00', '2026-07-07 11:00:00', 1, 'Nhắc bệnh nhân đến trước 10 phút để xác nhận thông tin.', NULL);
INSERT INTO `appointments` (`Id`, `PatientName`, `PhoneNumber`, `DentistId`, `StartTime`, `EndTime`, `Status`, `Notes`, `CreatedById`) VALUES (4, 'Smoke Test Patient', '0123456799', 3, '2026-07-07 10:00:00', '2026-07-07 11:00:00', 1, 'Nhắc bệnh nhân đến trước 10 phút để xác nhận thông tin.', NULL);
INSERT INTO `appointments` (`Id`, `PatientName`, `PhoneNumber`, `DentistId`, `StartTime`, `EndTime`, `Status`, `Notes`, `CreatedById`) VALUES (5, 'C3_UI_TEST_20260706_0620 Patient New Invoice', '0906200001', 3, '2026-07-06 14:00:00', '2026-07-06 15:00:00', 2, 'Đã hoàn thành lịch hẹn, chờ tạo hồ sơ điều trị nếu cần.', 4);
INSERT INTO `appointments` (`Id`, `PatientName`, `PhoneNumber`, `DentistId`, `StartTime`, `EndTime`, `Status`, `Notes`, `CreatedById`) VALUES (6, 'C3_UI_TEST_20260706_0620 Patient Already Invoiced', '0906200002', 3, '2026-07-06 15:30:00', '2026-07-06 16:30:00', 2, 'Đã hoàn thành lịch hẹn, chờ tạo hồ sơ điều trị nếu cần.', 4);
INSERT INTO `appointments` (`Id`, `PatientName`, `PhoneNumber`, `DentistId`, `StartTime`, `EndTime`, `Status`, `Notes`, `CreatedById`) VALUES (7, 'C3_UI_TEST_20260706_0627 Patient Detail Amount', '0906270001', 3, '2026-07-06 17:00:00', '2026-07-06 18:00:00', 2, 'Đã hoàn thành lịch hẹn, chờ tạo hồ sơ điều trị nếu cần.', 4);
INSERT INTO `appointments` (`Id`, `PatientName`, `PhoneNumber`, `DentistId`, `StartTime`, `EndTime`, `Status`, `Notes`, `CreatedById`) VALUES (8, 'Ete Ui Patient', '0911110707', 3, '2026-07-07 08:00:00', '2026-07-07 09:00:00', 1, 'Nhắc bệnh nhân đến trước 10 phút để xác nhận thông tin.', 1);

INSERT INTO `dentistdegreesalarycoefficients` (`Id`, `SalaryConfigurationId`, `Degree`, `Coefficient`) VALUES (1, 1, 1, 1.00);
INSERT INTO `dentistdegreesalarycoefficients` (`Id`, `SalaryConfigurationId`, `Degree`, `Coefficient`) VALUES (2, 1, 2, 1.00);
INSERT INTO `dentistdegreesalarycoefficients` (`Id`, `SalaryConfigurationId`, `Degree`, `Coefficient`) VALUES (3, 1, 3, 1.00);
INSERT INTO `dentistdegreesalarycoefficients` (`Id`, `SalaryConfigurationId`, `Degree`, `Coefficient`) VALUES (4, 1, 4, 1.00);
INSERT INTO `dentistdegreesalarycoefficients` (`Id`, `SalaryConfigurationId`, `Degree`, `Coefficient`) VALUES (5, 1, 5, 1.00);

INSERT INTO `employees` (`Id`, `FullName`, `DateOfBirth`, `Gender`, `PhoneNumber`, `Email`, `Address`, `AvatarUrl`, `Role`, `StartDate`, `ContractStatus`, `Degree`, `ResignationDate`) VALUES (1, 'Admin Quản Lý', '1985-01-01 00:00:00', 1, '0123456789', 'admin@clinic.com', NULL, NULL, 0, '2026-07-07 04:24:32', 1, 2, NULL);
INSERT INTO `employees` (`Id`, `FullName`, `DateOfBirth`, `Gender`, `PhoneNumber`, `Email`, `Address`, `AvatarUrl`, `Role`, `StartDate`, `ContractStatus`, `Degree`, `ResignationDate`) VALUES (3, 'Nha sĩ Nguyễn Văn A', '1990-05-15 00:00:00', 1, '0987654321', 'dentist@clinic.com', NULL, NULL, 1, '2026-07-07 04:24:32', 1, 1, NULL);
INSERT INTO `employees` (`Id`, `FullName`, `DateOfBirth`, `Gender`, `PhoneNumber`, `Email`, `Address`, `AvatarUrl`, `Role`, `StartDate`, `ContractStatus`, `Degree`, `ResignationDate`) VALUES (4, 'Lễ tân Trần Thị B', '1995-10-20 00:00:00', 2, '0912345678', 'receptionist@clinic.com', NULL, NULL, 2, '2026-07-07 04:24:32', 1, 0, NULL);
INSERT INTO `employees` (`Id`, `FullName`, `DateOfBirth`, `Gender`, `PhoneNumber`, `Email`, `Address`, `AvatarUrl`, `Role`, `StartDate`, `ContractStatus`, `Degree`, `ResignationDate`) VALUES (5, 'Thịnh Ngu', '2006-07-05 21:39:30', 2, '0123456781', 'thingngu@clinic.com', NULL, NULL, 2, '2026-07-06 00:00:00', 1, NULL, NULL);
INSERT INTO `employees` (`Id`, `FullName`, `DateOfBirth`, `Gender`, `PhoneNumber`, `Email`, `Address`, `AvatarUrl`, `Role`, `StartDate`, `ContractStatus`, `Degree`, `ResignationDate`) VALUES (6, 'Thịnh Ngu', '2006-07-05 21:44:55', 1, '0812345678', 'mail1@gmail.com.vn', NULL, NULL, 2, '2026-07-05 21:44:55', 1, NULL, NULL);
INSERT INTO `employees` (`Id`, `FullName`, `DateOfBirth`, `Gender`, `PhoneNumber`, `Email`, `Address`, `AvatarUrl`, `Role`, `StartDate`, `ContractStatus`, `Degree`, `ResignationDate`) VALUES (7, 'Nha sĩ Trần Minh B', '1988-03-10 00:00:00', 1, '0900000002', 'dentist2@clinic.com', NULL, NULL, 1, '2026-07-07 04:24:32', 1, 2, NULL);
INSERT INTO `employees` (`Id`, `FullName`, `DateOfBirth`, `Gender`, `PhoneNumber`, `Email`, `Address`, `AvatarUrl`, `Role`, `StartDate`, `ContractStatus`, `Degree`, `ResignationDate`) VALUES (8, 'Nha sĩ Lê Thu C', '1992-07-22 00:00:00', 2, '0900000003', 'dentist3@clinic.com', NULL, NULL, 1, '2026-07-07 04:24:32', 1, 1, NULL);
INSERT INTO `employees` (`Id`, `FullName`, `DateOfBirth`, `Gender`, `PhoneNumber`, `Email`, `Address`, `AvatarUrl`, `Role`, `StartDate`, `ContractStatus`, `Degree`, `ResignationDate`) VALUES (9, 'Nha sĩ Phạm Quốc D', '1987-11-05 00:00:00', 1, '0900000004', 'dentist4@clinic.com', NULL, NULL, 1, '2026-07-07 04:24:32', 1, 3, NULL);
INSERT INTO `employees` (`Id`, `FullName`, `DateOfBirth`, `Gender`, `PhoneNumber`, `Email`, `Address`, `AvatarUrl`, `Role`, `StartDate`, `ContractStatus`, `Degree`, `ResignationDate`) VALUES (10, 'Test Employee Ui', '2006-07-07 03:49:34', 1, '0907770608', 'e2euitest20260707@clinic.com', NULL, NULL, 2, '2026-07-07 03:49:34', 1, NULL, NULL);

INSERT INTO `employeeschedules` (`Id`, `EmployeeId`, `WorkShiftId`, `ScheduleDate`, `ShiftCoefficient`, `PatientCoefficient`) VALUES (701, 4, 1, '2026-06-29 00:00:00', 1, 0);
INSERT INTO `employeeschedules` (`Id`, `EmployeeId`, `WorkShiftId`, `ScheduleDate`, `ShiftCoefficient`, `PatientCoefficient`) VALUES (702, 3, 1, '2026-06-29 00:00:00', 1, 0.1);
INSERT INTO `employeeschedules` (`Id`, `EmployeeId`, `WorkShiftId`, `ScheduleDate`, `ShiftCoefficient`, `PatientCoefficient`) VALUES (703, 7, 1, '2026-06-29 00:00:00', 1, 0.1);
INSERT INTO `employeeschedules` (`Id`, `EmployeeId`, `WorkShiftId`, `ScheduleDate`, `ShiftCoefficient`, `PatientCoefficient`) VALUES (704, 8, 1, '2026-06-29 00:00:00', 1, 0.1);
INSERT INTO `employeeschedules` (`Id`, `EmployeeId`, `WorkShiftId`, `ScheduleDate`, `ShiftCoefficient`, `PatientCoefficient`) VALUES (705, 9, 1, '2026-06-29 00:00:00', 1, 0.1);
INSERT INTO `employeeschedules` (`Id`, `EmployeeId`, `WorkShiftId`, `ScheduleDate`, `ShiftCoefficient`, `PatientCoefficient`) VALUES (706, 4, 2, '2026-06-29 00:00:00', 1, 0);
INSERT INTO `employeeschedules` (`Id`, `EmployeeId`, `WorkShiftId`, `ScheduleDate`, `ShiftCoefficient`, `PatientCoefficient`) VALUES (707, 3, 2, '2026-06-29 00:00:00', 1, 0.1);
INSERT INTO `employeeschedules` (`Id`, `EmployeeId`, `WorkShiftId`, `ScheduleDate`, `ShiftCoefficient`, `PatientCoefficient`) VALUES (708, 7, 2, '2026-06-29 00:00:00', 1, 0.1);
INSERT INTO `employeeschedules` (`Id`, `EmployeeId`, `WorkShiftId`, `ScheduleDate`, `ShiftCoefficient`, `PatientCoefficient`) VALUES (709, 8, 2, '2026-06-29 00:00:00', 1, 0.1);
INSERT INTO `employeeschedules` (`Id`, `EmployeeId`, `WorkShiftId`, `ScheduleDate`, `ShiftCoefficient`, `PatientCoefficient`) VALUES (710, 9, 2, '2026-06-29 00:00:00', 1, 0.1);
INSERT INTO `employeeschedules` (`Id`, `EmployeeId`, `WorkShiftId`, `ScheduleDate`, `ShiftCoefficient`, `PatientCoefficient`) VALUES (711, 4, 1, '2026-06-30 00:00:00', 1, 0);
INSERT INTO `employeeschedules` (`Id`, `EmployeeId`, `WorkShiftId`, `ScheduleDate`, `ShiftCoefficient`, `PatientCoefficient`) VALUES (712, 3, 1, '2026-06-30 00:00:00', 1, 0.1);
INSERT INTO `employeeschedules` (`Id`, `EmployeeId`, `WorkShiftId`, `ScheduleDate`, `ShiftCoefficient`, `PatientCoefficient`) VALUES (713, 7, 1, '2026-06-30 00:00:00', 1, 0.1);
INSERT INTO `employeeschedules` (`Id`, `EmployeeId`, `WorkShiftId`, `ScheduleDate`, `ShiftCoefficient`, `PatientCoefficient`) VALUES (714, 8, 1, '2026-06-30 00:00:00', 1, 0.1);
INSERT INTO `employeeschedules` (`Id`, `EmployeeId`, `WorkShiftId`, `ScheduleDate`, `ShiftCoefficient`, `PatientCoefficient`) VALUES (715, 9, 1, '2026-06-30 00:00:00', 1, 0.1);
INSERT INTO `employeeschedules` (`Id`, `EmployeeId`, `WorkShiftId`, `ScheduleDate`, `ShiftCoefficient`, `PatientCoefficient`) VALUES (716, 4, 2, '2026-06-30 00:00:00', 1, 0);
INSERT INTO `employeeschedules` (`Id`, `EmployeeId`, `WorkShiftId`, `ScheduleDate`, `ShiftCoefficient`, `PatientCoefficient`) VALUES (717, 3, 2, '2026-06-30 00:00:00', 1, 0.1);
INSERT INTO `employeeschedules` (`Id`, `EmployeeId`, `WorkShiftId`, `ScheduleDate`, `ShiftCoefficient`, `PatientCoefficient`) VALUES (718, 7, 2, '2026-06-30 00:00:00', 1, 0.1);
INSERT INTO `employeeschedules` (`Id`, `EmployeeId`, `WorkShiftId`, `ScheduleDate`, `ShiftCoefficient`, `PatientCoefficient`) VALUES (719, 8, 2, '2026-06-30 00:00:00', 1, 0.1);
INSERT INTO `employeeschedules` (`Id`, `EmployeeId`, `WorkShiftId`, `ScheduleDate`, `ShiftCoefficient`, `PatientCoefficient`) VALUES (720, 9, 2, '2026-06-30 00:00:00', 1, 0.1);
INSERT INTO `employeeschedules` (`Id`, `EmployeeId`, `WorkShiftId`, `ScheduleDate`, `ShiftCoefficient`, `PatientCoefficient`) VALUES (3081, 4, 1, '2026-07-06 00:00:00', 1, 0);
INSERT INTO `employeeschedules` (`Id`, `EmployeeId`, `WorkShiftId`, `ScheduleDate`, `ShiftCoefficient`, `PatientCoefficient`) VALUES (3082, 3, 1, '2026-07-06 00:00:00', 1, 0.1);
INSERT INTO `employeeschedules` (`Id`, `EmployeeId`, `WorkShiftId`, `ScheduleDate`, `ShiftCoefficient`, `PatientCoefficient`) VALUES (3083, 7, 1, '2026-07-06 00:00:00', 1, 0.1);
INSERT INTO `employeeschedules` (`Id`, `EmployeeId`, `WorkShiftId`, `ScheduleDate`, `ShiftCoefficient`, `PatientCoefficient`) VALUES (3084, 8, 1, '2026-07-06 00:00:00', 1, 0.1);
INSERT INTO `employeeschedules` (`Id`, `EmployeeId`, `WorkShiftId`, `ScheduleDate`, `ShiftCoefficient`, `PatientCoefficient`) VALUES (3085, 9, 1, '2026-07-06 00:00:00', 1, 0.1);
INSERT INTO `employeeschedules` (`Id`, `EmployeeId`, `WorkShiftId`, `ScheduleDate`, `ShiftCoefficient`, `PatientCoefficient`) VALUES (3086, 4, 2, '2026-07-06 00:00:00', 1, 0);
INSERT INTO `employeeschedules` (`Id`, `EmployeeId`, `WorkShiftId`, `ScheduleDate`, `ShiftCoefficient`, `PatientCoefficient`) VALUES (3087, 3, 2, '2026-07-06 00:00:00', 1, 0.1);
INSERT INTO `employeeschedules` (`Id`, `EmployeeId`, `WorkShiftId`, `ScheduleDate`, `ShiftCoefficient`, `PatientCoefficient`) VALUES (3088, 7, 2, '2026-07-06 00:00:00', 1, 0.1);
INSERT INTO `employeeschedules` (`Id`, `EmployeeId`, `WorkShiftId`, `ScheduleDate`, `ShiftCoefficient`, `PatientCoefficient`) VALUES (3089, 8, 2, '2026-07-06 00:00:00', 1, 0.1);
INSERT INTO `employeeschedules` (`Id`, `EmployeeId`, `WorkShiftId`, `ScheduleDate`, `ShiftCoefficient`, `PatientCoefficient`) VALUES (3090, 9, 2, '2026-07-06 00:00:00', 1, 0.1);
INSERT INTO `employeeschedules` (`Id`, `EmployeeId`, `WorkShiftId`, `ScheduleDate`, `ShiftCoefficient`, `PatientCoefficient`) VALUES (3091, 4, 1, '2026-07-07 00:00:00', 1, 0);
INSERT INTO `employeeschedules` (`Id`, `EmployeeId`, `WorkShiftId`, `ScheduleDate`, `ShiftCoefficient`, `PatientCoefficient`) VALUES (3092, 3, 1, '2026-07-07 00:00:00', 1, 0.1);
INSERT INTO `employeeschedules` (`Id`, `EmployeeId`, `WorkShiftId`, `ScheduleDate`, `ShiftCoefficient`, `PatientCoefficient`) VALUES (3093, 7, 1, '2026-07-07 00:00:00', 1, 0.1);
INSERT INTO `employeeschedules` (`Id`, `EmployeeId`, `WorkShiftId`, `ScheduleDate`, `ShiftCoefficient`, `PatientCoefficient`) VALUES (3094, 8, 1, '2026-07-07 00:00:00', 1, 0.1);
INSERT INTO `employeeschedules` (`Id`, `EmployeeId`, `WorkShiftId`, `ScheduleDate`, `ShiftCoefficient`, `PatientCoefficient`) VALUES (3095, 9, 1, '2026-07-07 00:00:00', 1, 0.1);
INSERT INTO `employeeschedules` (`Id`, `EmployeeId`, `WorkShiftId`, `ScheduleDate`, `ShiftCoefficient`, `PatientCoefficient`) VALUES (3096, 4, 2, '2026-07-07 00:00:00', 1, 0);
INSERT INTO `employeeschedules` (`Id`, `EmployeeId`, `WorkShiftId`, `ScheduleDate`, `ShiftCoefficient`, `PatientCoefficient`) VALUES (3097, 3, 2, '2026-07-07 00:00:00', 1, 0.1);
INSERT INTO `employeeschedules` (`Id`, `EmployeeId`, `WorkShiftId`, `ScheduleDate`, `ShiftCoefficient`, `PatientCoefficient`) VALUES (3098, 7, 2, '2026-07-07 00:00:00', 1, 0.1);
INSERT INTO `employeeschedules` (`Id`, `EmployeeId`, `WorkShiftId`, `ScheduleDate`, `ShiftCoefficient`, `PatientCoefficient`) VALUES (3099, 8, 2, '2026-07-07 00:00:00', 1, 0.1);
INSERT INTO `employeeschedules` (`Id`, `EmployeeId`, `WorkShiftId`, `ScheduleDate`, `ShiftCoefficient`, `PatientCoefficient`) VALUES (3100, 9, 2, '2026-07-07 00:00:00', 1, 0.1);
INSERT INTO `employeeschedules` (`Id`, `EmployeeId`, `WorkShiftId`, `ScheduleDate`, `ShiftCoefficient`, `PatientCoefficient`) VALUES (3101, 4, 1, '2026-07-08 00:00:00', 1, 0);
INSERT INTO `employeeschedules` (`Id`, `EmployeeId`, `WorkShiftId`, `ScheduleDate`, `ShiftCoefficient`, `PatientCoefficient`) VALUES (3102, 3, 1, '2026-07-08 00:00:00', 1, 0.1);
INSERT INTO `employeeschedules` (`Id`, `EmployeeId`, `WorkShiftId`, `ScheduleDate`, `ShiftCoefficient`, `PatientCoefficient`) VALUES (3103, 7, 1, '2026-07-08 00:00:00', 1, 0.1);
INSERT INTO `employeeschedules` (`Id`, `EmployeeId`, `WorkShiftId`, `ScheduleDate`, `ShiftCoefficient`, `PatientCoefficient`) VALUES (3104, 8, 1, '2026-07-08 00:00:00', 1, 0.1);
INSERT INTO `employeeschedules` (`Id`, `EmployeeId`, `WorkShiftId`, `ScheduleDate`, `ShiftCoefficient`, `PatientCoefficient`) VALUES (3105, 9, 1, '2026-07-08 00:00:00', 1, 0.1);
INSERT INTO `employeeschedules` (`Id`, `EmployeeId`, `WorkShiftId`, `ScheduleDate`, `ShiftCoefficient`, `PatientCoefficient`) VALUES (3106, 4, 2, '2026-07-08 00:00:00', 1, 0);
INSERT INTO `employeeschedules` (`Id`, `EmployeeId`, `WorkShiftId`, `ScheduleDate`, `ShiftCoefficient`, `PatientCoefficient`) VALUES (3107, 3, 2, '2026-07-08 00:00:00', 1, 0.1);
INSERT INTO `employeeschedules` (`Id`, `EmployeeId`, `WorkShiftId`, `ScheduleDate`, `ShiftCoefficient`, `PatientCoefficient`) VALUES (3108, 7, 2, '2026-07-08 00:00:00', 1, 0.1);
INSERT INTO `employeeschedules` (`Id`, `EmployeeId`, `WorkShiftId`, `ScheduleDate`, `ShiftCoefficient`, `PatientCoefficient`) VALUES (3109, 8, 2, '2026-07-08 00:00:00', 1, 0.1);
INSERT INTO `employeeschedules` (`Id`, `EmployeeId`, `WorkShiftId`, `ScheduleDate`, `ShiftCoefficient`, `PatientCoefficient`) VALUES (3110, 9, 2, '2026-07-08 00:00:00', 1, 0.1);
INSERT INTO `employeeschedules` (`Id`, `EmployeeId`, `WorkShiftId`, `ScheduleDate`, `ShiftCoefficient`, `PatientCoefficient`) VALUES (3111, 4, 1, '2026-07-09 00:00:00', 1, 0);
INSERT INTO `employeeschedules` (`Id`, `EmployeeId`, `WorkShiftId`, `ScheduleDate`, `ShiftCoefficient`, `PatientCoefficient`) VALUES (3112, 3, 1, '2026-07-09 00:00:00', 1, 0.1);
INSERT INTO `employeeschedules` (`Id`, `EmployeeId`, `WorkShiftId`, `ScheduleDate`, `ShiftCoefficient`, `PatientCoefficient`) VALUES (3113, 7, 1, '2026-07-09 00:00:00', 1, 0.1);
INSERT INTO `employeeschedules` (`Id`, `EmployeeId`, `WorkShiftId`, `ScheduleDate`, `ShiftCoefficient`, `PatientCoefficient`) VALUES (3114, 8, 1, '2026-07-09 00:00:00', 1, 0.1);
INSERT INTO `employeeschedules` (`Id`, `EmployeeId`, `WorkShiftId`, `ScheduleDate`, `ShiftCoefficient`, `PatientCoefficient`) VALUES (3115, 9, 1, '2026-07-09 00:00:00', 1, 0.1);
INSERT INTO `employeeschedules` (`Id`, `EmployeeId`, `WorkShiftId`, `ScheduleDate`, `ShiftCoefficient`, `PatientCoefficient`) VALUES (3116, 4, 2, '2026-07-09 00:00:00', 1, 0);
INSERT INTO `employeeschedules` (`Id`, `EmployeeId`, `WorkShiftId`, `ScheduleDate`, `ShiftCoefficient`, `PatientCoefficient`) VALUES (3117, 3, 2, '2026-07-09 00:00:00', 1, 0.1);
INSERT INTO `employeeschedules` (`Id`, `EmployeeId`, `WorkShiftId`, `ScheduleDate`, `ShiftCoefficient`, `PatientCoefficient`) VALUES (3118, 7, 2, '2026-07-09 00:00:00', 1, 0.1);
INSERT INTO `employeeschedules` (`Id`, `EmployeeId`, `WorkShiftId`, `ScheduleDate`, `ShiftCoefficient`, `PatientCoefficient`) VALUES (3119, 8, 2, '2026-07-09 00:00:00', 1, 0.1);
INSERT INTO `employeeschedules` (`Id`, `EmployeeId`, `WorkShiftId`, `ScheduleDate`, `ShiftCoefficient`, `PatientCoefficient`) VALUES (3120, 9, 2, '2026-07-09 00:00:00', 1, 0.1);
INSERT INTO `employeeschedules` (`Id`, `EmployeeId`, `WorkShiftId`, `ScheduleDate`, `ShiftCoefficient`, `PatientCoefficient`) VALUES (3121, 4, 1, '2026-07-10 00:00:00', 1, 0);
INSERT INTO `employeeschedules` (`Id`, `EmployeeId`, `WorkShiftId`, `ScheduleDate`, `ShiftCoefficient`, `PatientCoefficient`) VALUES (3122, 3, 1, '2026-07-10 00:00:00', 1, 0.1);
INSERT INTO `employeeschedules` (`Id`, `EmployeeId`, `WorkShiftId`, `ScheduleDate`, `ShiftCoefficient`, `PatientCoefficient`) VALUES (3123, 7, 1, '2026-07-10 00:00:00', 1, 0.1);
INSERT INTO `employeeschedules` (`Id`, `EmployeeId`, `WorkShiftId`, `ScheduleDate`, `ShiftCoefficient`, `PatientCoefficient`) VALUES (3124, 8, 1, '2026-07-10 00:00:00', 1, 0.1);
INSERT INTO `employeeschedules` (`Id`, `EmployeeId`, `WorkShiftId`, `ScheduleDate`, `ShiftCoefficient`, `PatientCoefficient`) VALUES (3125, 9, 1, '2026-07-10 00:00:00', 1, 0.1);
INSERT INTO `employeeschedules` (`Id`, `EmployeeId`, `WorkShiftId`, `ScheduleDate`, `ShiftCoefficient`, `PatientCoefficient`) VALUES (3126, 4, 2, '2026-07-10 00:00:00', 1, 0);
INSERT INTO `employeeschedules` (`Id`, `EmployeeId`, `WorkShiftId`, `ScheduleDate`, `ShiftCoefficient`, `PatientCoefficient`) VALUES (3127, 3, 2, '2026-07-10 00:00:00', 1, 0.1);
INSERT INTO `employeeschedules` (`Id`, `EmployeeId`, `WorkShiftId`, `ScheduleDate`, `ShiftCoefficient`, `PatientCoefficient`) VALUES (3128, 7, 2, '2026-07-10 00:00:00', 1, 0.1);
INSERT INTO `employeeschedules` (`Id`, `EmployeeId`, `WorkShiftId`, `ScheduleDate`, `ShiftCoefficient`, `PatientCoefficient`) VALUES (3129, 8, 2, '2026-07-10 00:00:00', 1, 0.1);
INSERT INTO `employeeschedules` (`Id`, `EmployeeId`, `WorkShiftId`, `ScheduleDate`, `ShiftCoefficient`, `PatientCoefficient`) VALUES (3130, 9, 2, '2026-07-10 00:00:00', 1, 0.1);
INSERT INTO `employeeschedules` (`Id`, `EmployeeId`, `WorkShiftId`, `ScheduleDate`, `ShiftCoefficient`, `PatientCoefficient`) VALUES (3131, 4, 1, '2026-07-11 00:00:00', 1, 0);
INSERT INTO `employeeschedules` (`Id`, `EmployeeId`, `WorkShiftId`, `ScheduleDate`, `ShiftCoefficient`, `PatientCoefficient`) VALUES (3132, 3, 1, '2026-07-11 00:00:00', 1, 0.1);
INSERT INTO `employeeschedules` (`Id`, `EmployeeId`, `WorkShiftId`, `ScheduleDate`, `ShiftCoefficient`, `PatientCoefficient`) VALUES (3133, 7, 1, '2026-07-11 00:00:00', 1, 0.1);
INSERT INTO `employeeschedules` (`Id`, `EmployeeId`, `WorkShiftId`, `ScheduleDate`, `ShiftCoefficient`, `PatientCoefficient`) VALUES (3134, 8, 1, '2026-07-11 00:00:00', 1, 0.1);
INSERT INTO `employeeschedules` (`Id`, `EmployeeId`, `WorkShiftId`, `ScheduleDate`, `ShiftCoefficient`, `PatientCoefficient`) VALUES (3135, 9, 1, '2026-07-11 00:00:00', 1, 0.1);
INSERT INTO `employeeschedules` (`Id`, `EmployeeId`, `WorkShiftId`, `ScheduleDate`, `ShiftCoefficient`, `PatientCoefficient`) VALUES (3136, 4, 2, '2026-07-11 00:00:00', 1, 0);
INSERT INTO `employeeschedules` (`Id`, `EmployeeId`, `WorkShiftId`, `ScheduleDate`, `ShiftCoefficient`, `PatientCoefficient`) VALUES (3137, 3, 2, '2026-07-11 00:00:00', 1, 0.1);
INSERT INTO `employeeschedules` (`Id`, `EmployeeId`, `WorkShiftId`, `ScheduleDate`, `ShiftCoefficient`, `PatientCoefficient`) VALUES (3138, 7, 2, '2026-07-11 00:00:00', 1, 0.1);
INSERT INTO `employeeschedules` (`Id`, `EmployeeId`, `WorkShiftId`, `ScheduleDate`, `ShiftCoefficient`, `PatientCoefficient`) VALUES (3139, 8, 2, '2026-07-11 00:00:00', 1, 0.1);
INSERT INTO `employeeschedules` (`Id`, `EmployeeId`, `WorkShiftId`, `ScheduleDate`, `ShiftCoefficient`, `PatientCoefficient`) VALUES (3140, 9, 2, '2026-07-11 00:00:00', 1, 0.1);
INSERT INTO `employeeschedules` (`Id`, `EmployeeId`, `WorkShiftId`, `ScheduleDate`, `ShiftCoefficient`, `PatientCoefficient`) VALUES (3141, 4, 1, '2026-07-12 00:00:00', 1, 0);
INSERT INTO `employeeschedules` (`Id`, `EmployeeId`, `WorkShiftId`, `ScheduleDate`, `ShiftCoefficient`, `PatientCoefficient`) VALUES (3142, 3, 1, '2026-07-12 00:00:00', 1, 0.1);
INSERT INTO `employeeschedules` (`Id`, `EmployeeId`, `WorkShiftId`, `ScheduleDate`, `ShiftCoefficient`, `PatientCoefficient`) VALUES (3143, 7, 1, '2026-07-12 00:00:00', 1, 0.1);
INSERT INTO `employeeschedules` (`Id`, `EmployeeId`, `WorkShiftId`, `ScheduleDate`, `ShiftCoefficient`, `PatientCoefficient`) VALUES (3144, 8, 1, '2026-07-12 00:00:00', 1, 0.1);
INSERT INTO `employeeschedules` (`Id`, `EmployeeId`, `WorkShiftId`, `ScheduleDate`, `ShiftCoefficient`, `PatientCoefficient`) VALUES (3145, 9, 1, '2026-07-12 00:00:00', 1, 0.1);
INSERT INTO `employeeschedules` (`Id`, `EmployeeId`, `WorkShiftId`, `ScheduleDate`, `ShiftCoefficient`, `PatientCoefficient`) VALUES (3146, 4, 2, '2026-07-12 00:00:00', 1, 0);
INSERT INTO `employeeschedules` (`Id`, `EmployeeId`, `WorkShiftId`, `ScheduleDate`, `ShiftCoefficient`, `PatientCoefficient`) VALUES (3147, 3, 2, '2026-07-12 00:00:00', 1, 0.1);
INSERT INTO `employeeschedules` (`Id`, `EmployeeId`, `WorkShiftId`, `ScheduleDate`, `ShiftCoefficient`, `PatientCoefficient`) VALUES (3148, 7, 2, '2026-07-12 00:00:00', 1, 0.1);
INSERT INTO `employeeschedules` (`Id`, `EmployeeId`, `WorkShiftId`, `ScheduleDate`, `ShiftCoefficient`, `PatientCoefficient`) VALUES (3149, 8, 2, '2026-07-12 00:00:00', 1, 0.1);
INSERT INTO `employeeschedules` (`Id`, `EmployeeId`, `WorkShiftId`, `ScheduleDate`, `ShiftCoefficient`, `PatientCoefficient`) VALUES (3150, 9, 2, '2026-07-12 00:00:00', 1, 0.1);

INSERT INTO `invoicedetails` (`Id`, `InvoiceId`, `ServiceId`, `Quantity`, `UnitPrice`, `Amount`) VALUES (1, 1, 4, 1, 300000.00, 300000.00);
INSERT INTO `invoicedetails` (`Id`, `InvoiceId`, `ServiceId`, `Quantity`, `UnitPrice`, `Amount`) VALUES (2, 2, 2, 1, 100000.00, 100000.00);
INSERT INTO `invoicedetails` (`Id`, `InvoiceId`, `ServiceId`, `Quantity`, `UnitPrice`, `Amount`) VALUES (3, 4, 2, 1, 100000.00, 0.00);
INSERT INTO `invoicedetails` (`Id`, `InvoiceId`, `ServiceId`, `Quantity`, `UnitPrice`, `Amount`) VALUES (4, 5, 2, 1, 100000.00, 100000.00);
INSERT INTO `invoicedetails` (`Id`, `InvoiceId`, `ServiceId`, `Quantity`, `UnitPrice`, `Amount`) VALUES (5, 6, 2, 1, 100000.00, 100000.00);

INSERT INTO `invoicepayments` (`Id`, `InvoiceId`, `Amount`, `PaymentDate`, `CreatedById`, `Note`) VALUES (1, 1, 300000.00, '2026-07-05 22:54:50', 4, 'Thanh toán demo');

INSERT INTO `invoices` (`Id`, `PatientId`, `ExaminationId`, `CreatedDate`, `CreatedById`, `Notes`, `TotalAmount`, `Status`, `PaidAmount`) VALUES (1, 3, 1, '2026-07-05 22:54:49', 4, 'Hóa đơn demo từ bệnh án mẫu', 300000.00, 2, 300000.00);
INSERT INTO `invoices` (`Id`, `PatientId`, `ExaminationId`, `CreatedDate`, `CreatedById`, `Notes`, `TotalAmount`, `Status`, `PaidAmount`) VALUES (2, 6, 6, '2026-07-06 06:21:18', 4, 'C3_UI_TEST_20260706_0620 existing invoice', 100000.00, 1, 0.00);
INSERT INTO `invoices` (`Id`, `PatientId`, `ExaminationId`, `CreatedDate`, `CreatedById`, `Notes`, `TotalAmount`, `Status`, `PaidAmount`) VALUES (4, 5, 5, '2026-07-06 06:25:44', 4, NULL, 100000.00, 1, 0.00);
INSERT INTO `invoices` (`Id`, `PatientId`, `ExaminationId`, `CreatedDate`, `CreatedById`, `Notes`, `TotalAmount`, `Status`, `PaidAmount`) VALUES (5, 7, 7, '2026-07-06 06:28:31', 4, 'Hủy bởi nhân viên #1 lúc 2026-07-06 07:08:40: Runtime C4 cancel test', 100000.00, 3, 0.00);
INSERT INTO `invoices` (`Id`, `PatientId`, `ExaminationId`, `CreatedDate`, `CreatedById`, `Notes`, `TotalAmount`, `Status`, `PaidAmount`) VALUES (6, 3, 8, '2026-07-07 04:20:26', 1, NULL, 100000.00, 1, 0.00);

INSERT INTO `patientexaminations` (`Id`, `PatientId`, `AppointmentId`, `DentistId`, `ExaminationDate`, `Symptoms`, `Diagnosis`, `TreatmentPlan`, `Prescription`, `Notes`, `Status`, `DentalChartDetails`, `ProposedServices`, `ReExamDate`, `ManagerInterventionReason`) VALUES (1, 3, 2, 3, '2026-07-04 10:00:00', 'Đau răng hàm, ê buốt khi ăn lạnh', 'Sâu răng mức độ nhẹ', 'Trám răng và tái khám sau 2 tuần', 'Paracetamol 500mg khi đau', 'Demo bệnh án đã chốt để lập hóa đơn', 2, 'Răng 14: sâu nhẹ; Răng 15: theo dõi', NULL, NULL, NULL);
INSERT INTO `patientexaminations` (`Id`, `PatientId`, `AppointmentId`, `DentistId`, `ExaminationDate`, `Symptoms`, `Diagnosis`, `TreatmentPlan`, `Prescription`, `Notes`, `Status`, `DentalChartDetails`, `ProposedServices`, `ReExamDate`, `ManagerInterventionReason`) VALUES (2, 3, NULL, 3, '2026-07-05 23:00:29', NULL, 'Nga', 'tESST', NULL, NULL, 1, '1233312', NULL, NULL, NULL);
INSERT INTO `patientexaminations` (`Id`, `PatientId`, `AppointmentId`, `DentistId`, `ExaminationDate`, `Symptoms`, `Diagnosis`, `TreatmentPlan`, `Prescription`, `Notes`, `Status`, `DentalChartDetails`, `ProposedServices`, `ReExamDate`, `ManagerInterventionReason`) VALUES (3, 3, NULL, 3, '2026-07-05 23:07:11', 'Smoke test symptom', 'Smoke test diagnosis', 'Smoke test treatment plan', NULL, NULL, 1, 'Smoke test dental chart', NULL, NULL, NULL);
INSERT INTO `patientexaminations` (`Id`, `PatientId`, `AppointmentId`, `DentistId`, `ExaminationDate`, `Symptoms`, `Diagnosis`, `TreatmentPlan`, `Prescription`, `Notes`, `Status`, `DentalChartDetails`, `ProposedServices`, `ReExamDate`, `ManagerInterventionReason`) VALUES (4, 3, NULL, 3, '2026-07-05 23:08:23', 'Smoke test symptom', 'Smoke test diagnosis', 'Smoke test treatment plan', NULL, NULL, 1, 'Smoke test dental chart', NULL, NULL, NULL);
INSERT INTO `patientexaminations` (`Id`, `PatientId`, `AppointmentId`, `DentistId`, `ExaminationDate`, `Symptoms`, `Diagnosis`, `TreatmentPlan`, `Prescription`, `Notes`, `Status`, `DentalChartDetails`, `ProposedServices`, `ReExamDate`, `ManagerInterventionReason`) VALUES (5, 5, 5, 3, '2026-07-06 15:00:00', 'C3 symptoms new invoice', 'C3 diagnosis new invoice', 'C3 treatment new invoice', 'C3 prescription new invoice', 'C3_UI_TEST_20260706_0620', 2, 'C3 chart new invoice', NULL, NULL, NULL);
INSERT INTO `patientexaminations` (`Id`, `PatientId`, `AppointmentId`, `DentistId`, `ExaminationDate`, `Symptoms`, `Diagnosis`, `TreatmentPlan`, `Prescription`, `Notes`, `Status`, `DentalChartDetails`, `ProposedServices`, `ReExamDate`, `ManagerInterventionReason`) VALUES (6, 6, 6, 3, '2026-07-06 16:30:00', 'C3 symptoms already invoiced', 'C3 diagnosis already invoiced', 'C3 treatment already invoiced', 'C3 prescription already invoiced', 'C3_UI_TEST_20260706_0620', 2, 'C3 chart already invoiced', NULL, NULL, NULL);
INSERT INTO `patientexaminations` (`Id`, `PatientId`, `AppointmentId`, `DentistId`, `ExaminationDate`, `Symptoms`, `Diagnosis`, `TreatmentPlan`, `Prescription`, `Notes`, `Status`, `DentalChartDetails`, `ProposedServices`, `ReExamDate`, `ManagerInterventionReason`) VALUES (7, 7, 7, 3, '2026-07-06 18:00:00', 'C3 symptoms detail amount', 'C3 diagnosis detail amount', 'C3 treatment detail amount', 'C3 prescription detail amount', 'C3_UI_TEST_20260706_0627', 2, 'C3 chart detail amount', NULL, NULL, NULL);
INSERT INTO `patientexaminations` (`Id`, `PatientId`, `AppointmentId`, `DentistId`, `ExaminationDate`, `Symptoms`, `Diagnosis`, `TreatmentPlan`, `Prescription`, `Notes`, `Status`, `DentalChartDetails`, `ProposedServices`, `ReExamDate`, `ManagerInterventionReason`) VALUES (8, 3, NULL, 3, '2026-07-07 00:00:00', NULL, 'Ete ui diagnosis', 'Ete ui treatment plan', NULL, NULL, 2, NULL, NULL, NULL, NULL);

INSERT INTO `patients` (`Id`, `FullName`, `DateOfBirth`, `Gender`, `PhoneNumber`, `Email`, `Address`) VALUES (3, 'Bệnh nhân Lê Văn C', '2000-02-02 00:00:00', 1, '0999888777', NULL, 'Hà Nội');
INSERT INTO `patients` (`Id`, `FullName`, `DateOfBirth`, `Gender`, `PhoneNumber`, `Email`, `Address`) VALUES (4, 'Bệnh nhân Phạm Thị D', '1988-08-08 00:00:00', 2, '0888777666', NULL, 'Hồ Chí Minh');
INSERT INTO `patients` (`Id`, `FullName`, `DateOfBirth`, `Gender`, `PhoneNumber`, `Email`, `Address`) VALUES (5, 'C3_UI_TEST_20260706_0620 Patient New Invoice', '1990-01-15 00:00:00', 1, '0906200001', 'c3.new.20260706@example.com', 'C3 test address');
INSERT INTO `patients` (`Id`, `FullName`, `DateOfBirth`, `Gender`, `PhoneNumber`, `Email`, `Address`) VALUES (6, 'C3_UI_TEST_20260706_0620 Patient Already Invoiced', '1988-02-20 00:00:00', 2, '0906200002', 'c3.old.20260706@example.com', 'C3 test address');
INSERT INTO `patients` (`Id`, `FullName`, `DateOfBirth`, `Gender`, `PhoneNumber`, `Email`, `Address`) VALUES (7, 'C3_UI_TEST_20260706_0627 Patient Detail Amount', '1992-03-10 00:00:00', 1, '0906270001', 'c3.amount.20260706@example.com', 'C3 detail amount test address');

INSERT INTO `salaryconfigurations` (`Id`, `HourlyRate`, `DefaultShiftCoefficient`, `ReceptionistCoefficient`) VALUES (1, 120000.00, 1.00, 1.00);


INSERT INTO `salaryrecords` (`Id`, `EmployeeId`, `Month`, `Year`, `TotalHours`, `TotalAmount`, `IsFinalized`, `FinalizedDate`) VALUES (6, 1, 8, 2026, 0.00, 0.00, 0, NULL);
INSERT INTO `salaryrecords` (`Id`, `EmployeeId`, `Month`, `Year`, `TotalHours`, `TotalAmount`, `IsFinalized`, `FinalizedDate`) VALUES (7, 3, 8, 2026, 0.00, 9000000.00, 0, NULL);
INSERT INTO `salaryrecords` (`Id`, `EmployeeId`, `Month`, `Year`, `TotalHours`, `TotalAmount`, `IsFinalized`, `FinalizedDate`) VALUES (8, 4, 8, 2026, 0.00, 6500000.00, 0, NULL);
INSERT INTO `salaryrecords` (`Id`, `EmployeeId`, `Month`, `Year`, `TotalHours`, `TotalAmount`, `IsFinalized`, `FinalizedDate`) VALUES (9, 5, 8, 2026, 0.00, 6500000.00, 0, NULL);
INSERT INTO `salaryrecords` (`Id`, `EmployeeId`, `Month`, `Year`, `TotalHours`, `TotalAmount`, `IsFinalized`, `FinalizedDate`) VALUES (10, 6, 8, 2026, 0.00, 6500000.00, 0, NULL);
INSERT INTO `salaryrecords` (`Id`, `EmployeeId`, `Month`, `Year`, `TotalHours`, `TotalAmount`, `IsFinalized`, `FinalizedDate`) VALUES (11, 7, 8, 2026, 0.00, 9000000.00, 0, NULL);
INSERT INTO `salaryrecords` (`Id`, `EmployeeId`, `Month`, `Year`, `TotalHours`, `TotalAmount`, `IsFinalized`, `FinalizedDate`) VALUES (12, 8, 8, 2026, 0.00, 9000000.00, 0, NULL);
INSERT INTO `salaryrecords` (`Id`, `EmployeeId`, `Month`, `Year`, `TotalHours`, `TotalAmount`, `IsFinalized`, `FinalizedDate`) VALUES (13, 9, 8, 2026, 0.00, 9000000.00, 0, NULL);
INSERT INTO `salaryrecords` (`Id`, `EmployeeId`, `Month`, `Year`, `TotalHours`, `TotalAmount`, `IsFinalized`, `FinalizedDate`) VALUES (274, 3, 7, 2026, 56.00, 6720000.00, 0, NULL);
INSERT INTO `salaryrecords` (`Id`, `EmployeeId`, `Month`, `Year`, `TotalHours`, `TotalAmount`, `IsFinalized`, `FinalizedDate`) VALUES (275, 4, 7, 2026, 56.00, 6720000.00, 0, NULL);
INSERT INTO `salaryrecords` (`Id`, `EmployeeId`, `Month`, `Year`, `TotalHours`, `TotalAmount`, `IsFinalized`, `FinalizedDate`) VALUES (276, 5, 7, 2026, 0.00, 0.00, 0, NULL);
INSERT INTO `salaryrecords` (`Id`, `EmployeeId`, `Month`, `Year`, `TotalHours`, `TotalAmount`, `IsFinalized`, `FinalizedDate`) VALUES (277, 6, 7, 2026, 0.00, 0.00, 0, NULL);
INSERT INTO `salaryrecords` (`Id`, `EmployeeId`, `Month`, `Year`, `TotalHours`, `TotalAmount`, `IsFinalized`, `FinalizedDate`) VALUES (278, 7, 7, 2026, 56.00, 6720000.00, 0, NULL);
INSERT INTO `salaryrecords` (`Id`, `EmployeeId`, `Month`, `Year`, `TotalHours`, `TotalAmount`, `IsFinalized`, `FinalizedDate`) VALUES (279, 8, 7, 2026, 56.00, 6720000.00, 0, NULL);
INSERT INTO `salaryrecords` (`Id`, `EmployeeId`, `Month`, `Year`, `TotalHours`, `TotalAmount`, `IsFinalized`, `FinalizedDate`) VALUES (280, 9, 7, 2026, 56.00, 6720000.00, 0, NULL);
INSERT INTO `salaryrecords` (`Id`, `EmployeeId`, `Month`, `Year`, `TotalHours`, `TotalAmount`, `IsFinalized`, `FinalizedDate`) VALUES (281, 10, 7, 2026, 0.00, 0.00, 0, NULL);

INSERT INTO `servicecategories` (`Id`, `Name`, `Description`) VALUES (1, 'Dịch vụ chung', NULL);
INSERT INTO `servicecategories` (`Id`, `Name`, `Description`) VALUES (2, 'Khám bệnh', NULL);
INSERT INTO `servicecategories` (`Id`, `Name`, `Description`) VALUES (3, 'Điều trị', NULL);
INSERT INTO `servicecategories` (`Id`, `Name`, `Description`) VALUES (4, 'Thẩm mỹ', NULL);


INSERT INTO `services` (`Id`, `Name`, `Description`, `CategoryId`, `Price`, `IsActive`, `IsMultiStage`) VALUES (2, 'Khám tổng quát', 'Khám và tư vấn răng miệng', 2, 100000.00, 1, 0);
INSERT INTO `services` (`Id`, `Name`, `Description`, `CategoryId`, `Price`, `IsActive`, `IsMultiStage`) VALUES (3, 'Nhổ răng khôn', 'Tiểu phẫu nhổ răng khôn mọc lệch', 3, 1500000.00, 1, 0);
INSERT INTO `services` (`Id`, `Name`, `Description`, `CategoryId`, `Price`, `IsActive`, `IsMultiStage`) VALUES (4, 'Trám răng thẩm mỹ', 'Trám composite màu răng', 4, 300000.00, 1, 0);
INSERT INTO `services` (`Id`, `Name`, `Description`, `CategoryId`, `Price`, `IsActive`, `IsMultiStage`) VALUES (5, 'Lấy cao răng', 'Cạo vôi răng và đánh bóng', 2, 150000.00, 1, 0);
INSERT INTO `services` (`Id`, `Name`, `Description`, `CategoryId`, `Price`, `IsActive`, `IsMultiStage`) VALUES (6, 'E2E_UI_TEST_20260706_Service', 'Created by UI CRUD test', 1, 0.00, 1, 0);


INSERT INTO `workshifts` (`Id`, `Name`, `StartTime`, `EndTime`) VALUES (1, 'Ca sáng', '08:00:00', '12:00:00');
INSERT INTO `workshifts` (`Id`, `Name`, `StartTime`, `EndTime`) VALUES (2, 'Ca chiều', '13:00:00', '17:00:00');

SET FOREIGN_KEY_CHECKS=1;
